id_firma,cui,anaf_name,scor,metoda
1,8876716,ALFA CLUJ SRL,100.0,search
2,8196213,INMAACRO SRL,100.0,search
4,8509728,NEXXON SRL,100.0,search
5,2857197,NICOLAUS COM SRL,100.0,search
6,8497062,THYSSENKRUPP BILSTEIN S.A.,91.30434782608697,search
8,950531,AEROSTAR SA,100,search
9,2816014,AGRICOLA INTERNATIONAL SA,100,search
10,10187705,AGRICULTORUL SRL,100,search
11,19108624,AGRITEHNICA SERVICE SRL,100,search
12,959280,AGROTEHNOGRUP SRL,100,search
13,980141,ALIANT BUSINESS SOLUTIONS S.R.L.,93.28571428571429,search
14,16111048,AQUILA-FASHION SRL,100,search
15,17057800,ARELUX SRL,100,search
16,15778958,AROMA RISE SA,100,search
19,6462610,BARLETA SRL,100,search
20,5444241,BARLINEK ROMÂNIA SA,100,search
22,31612697,BRENNEKA INSTALL SRL,100,search
23,23180369,BVA LOGISTIK SRL,100,search
29,30391679,CLUJ BUSINESS CENTRE S.R.L.,90.95652173913044,search
30,27429315,COMPANIA REGIONALĂ DE APĂ BACĂU SA,100,search
32,947730,CONEXTRUST SA,100,search
33,5994229,COPANEX SRL,100,search
34,4725397,CORIOLAN IMPEX SRL,100,search
37,18461813,DA BACCO SRL,100,search
39,2816464,DEDEMAN SRL,100,search
40,16514342,DEMECO SRL,100,search
41,25654868,EDU PRO GRUP SRL,100,search
42,7920473,ELECTRIC PLUS SRL,100,search
43,40793843,ELITE CARS FINANCE S.R.L.,89.71428571428572,search
44,10840889,ELMET INTERNATIONAL SRL,100,search
45,14668965,EURO RIN SRL,100,search
47,12977123,FERMA AVICOLĂ ŞERBAN SRL,100,search
48,5243124,FIDOLO COM SRL,100,search
49,18872347,G-A NUTRIŢIE ANIMALĂ SRL,100,search
53,5845723,INTERAGROALIMENT SRL,100,search
57,4102968,LICURICI IMPEX SRL,100,search
58,24523449,LUSI UNION SILUSI SRL,100,search
92,22460883,TELESYSTEM SRL,100,search
93,33620670,THERMOENERGY GROUP S.A.,94.0,search
94,31208100,TKM OIL GROUP SRL,100,search
96,24498175,TROTUŞTEX SRL,100,search
98,22916476,VIMERCATI EAST EUROPE SRL,100,search
99,23617561,ABC-CON-INTERNAŢIONAL SRL,100,search
100,3671876,BERISTEANU IMPEX SRL,100,search
101,14829417,BIG CONF SRL,100,search
102,15031617,CARREMAN ROMANIA SRL,100,search
103,15848735,CASTILIO SRL,100,search
104,18511261,CEREAL BAC SRL,100,search
105,34356038,CEREAL LANDMAR SRL,100,search
108,24616580,CORNELL'S FLOOR SRL,100,search
109,17876910,DADYCOM SRL,100,search
110,34495770,DOLY-COM DISTRIBUŢIE SRL,100,search
111,17005541,ELECTRO ALFA CM SRL,100,search
112,7348194,ELECTRO-ALFA INTERNATIONAL S.A.,96.85714285714286,search
113,40626268,ELECTRO ALFA SERVICII INGINERIE S.R.L.,95.17647058823529,search
114,7464520,ELSACO ELECTRONIC SRL,100,search
115,14364265,ELSACO SOLUTIONS SRL,100,search
116,16351776,FIVE CONTINENTS GROUP SRL,100,search
117,12153083,FORMENS SRL,100,search
118,21731712,GAFCO CONSTRUCT SRL,100,search
119,12273950,GRUPUL DE DISTRIBUTIE ETA SRL,100,search
120,15743577,IRINIK SRL,100,search
121,25119245,JETOIL DOWNSTREAM SRL,100,search
122,3571192,LACTO-SOLOMONESCU SRL,100,search
124,33778980,MEAT TEAM QUALITY SRL,100,search
126,26892574,MODERN CALOR SA,100,search
127,5380091,NORDIC ROMAR SRL,100,search
128,26161230,NOVA APASERV SA,100,search
129,6481450,OVISIM IMPEX SRL,100,search
130,34032503,PANDORAS COURIER SRL,100,search
132,25189470,PRODALCOM DISTRIBUTION SRL,100,search
133,18697920,ROLANA TEX SRL,100,search
136,15347823,SAMCOM AS SRL,100,search
137,3503155,SANCOS SRL,100,search
139,39908567,SIMION TEHNOCONSTRUCT S.R.L.,91.5,search
140,39566260,SOYBEAN AND MAYS PROD COOPERATIVĂ AGRICOLĂ,100,search
141,622194,SPICUL 2 SRL,100,search
142,22042589,SUPER SPLENDID SRL,100,search
144,37295920,VICOL GENERATION BUSINESS-ROMANIA S.R.L.,95.66666666666666,search
146,7292131,ABILITY TRADE SRL,100,search
148,17540498,APAN AGRICULTURE EQUIPMENTS SRL,100,search
149,17088342,APAN AUTOMOBILE SRL,100,search
150,13680057,APAN MOTORS SRL,100,search
201,38254910,AIK ENERGY ROMÂNIA S.R.L.,89.71428571428572,search
204,350278,ALCEDO SRL,100,search
205,10336181,ALCHIMEX SA,100,search
206,14906056,ALLSYS ENERGY S.A.,90.66666666666667,search
207,13878004,ALPHA MEDICAL SRL,100,search
208,10042631,ALUMIL ROM INDUSTRY SA,100,search
209,3019660,ARACOM SRL,94.9090909090909,search
212,38114908,ARCTIC STREAM S.A.,90.66666666666667,search
213,40274501,ARION GREEN FELIX S.R.L.,89.0,search
215,6506350,ART GROUP INT SRL,100,search
216,14525230,ASTRON CHEMICALS SRL,100,search
217,30072688,AUSTRIA CARD SRL,100,search
218,3786213,AUTO ITALIA IMPEX SRL,100,search
219,5450286,AUTOMOBILE BAVARIA SRL,100,search
220,11185770,AUTONET SRL,100,search
221,21348475,AUTOTECHNICA FLEET SERVICES SRL,100,search
222,15243008,AVI COMPACT SRL,100,search
223,5791445,AVIA MOTORS SRL,100,search
224,1551768,AVICOLA BUCURESTI SA,100,search
225,15537844,AXPO ENERGY ROMANIA SA,100,search
226,6521504,AZAD ENTERPRISES SRL,100,search
228,7568475,BAUMIT ROMANIA COM SRL,91.5,search
229,36139167,BERLIN PACKAGING ROMÂNIA S.R.L.,92.88888888888889,search
232,12655292,BOIRON RO SRL,100,search
235,1551091,BOUYGUES ROMANIA SRL,100,search
236,29947526,BP PUBLISHING MEDIA SRL,100,search
237,31037166,BRAIN 4 STRATEGY SRL,100,search
238,14217477,BRAINSPOTTING SRL,100,search
239,3020860,BRANTO PRODUCTIE INDUSTRIALA SRL,100,search
240,24870553,BRD ASIGURARI DE VIATA SA,100,search
244,15912790,CDD RELOCATION SRL,100,search
246,13848950,CM DELTA APPAREL ROMANIA S.A.,96.3076923076923,search
248,6423689,COMTEC 2000 INC. SRL,100,search
21,32169190,BARRIER S.R.L.,100,search
26,946000,CAT-ION SRL,100,search
27,9650015,CEREALCOM SA,100,search
31,943755,CONBAC S.R.L.,100,search
46,13531071,EUROPROD SA,100,search
59,30535189,MAXIMA PROFIL NORD SRL,100,search
60,30543505,MOLDOVA FARMING SRL,100,search
61,953279,MORARU-ANCA SRL,100,search
62,18672047,MOTRIS COMPANY SRL,100,search
63,22082443,ND PHARMA SRL,100,search
64,9817750,NICBAC PROD SRL,100,search
65,970849,NITRAMONIA BC S.R.L.,100,search
66,14445963,OMP SRL,100,search
67,950264,PAMBAC SA,100,search
68,957998,PANIMON SA,100,search
71,5662378,POTPURIU SRL,100,search
72,13354433,REDO GROUP SRL,100,search
73,26686981,RHINO SAFETY S.R.L.,100,search
74,18360762,RHINO WORK S.R.L.,100,search
75,24899169,RIKKO STEEL SRL,100,search
76,10167619,ROMCHIM PROTECT SRL,100,search
78,11060610,RUSTRANS SRL,100,search
80,18774861,SALBAC SA,100,search
81,5661836,SALOFARM LOGISTIC S.R.L.,100,search
82,952877,SALOFARM SRL,100,search
83,4158730,SENAL-COM SRL,100,search
84,18096106,ŞERBAN DISTRIBUŢIE SRL,100,search
85,9459059,SIMBA INVEST SRL,100,search
86,9942680,SPEDITION UMB SRL,100,search
87,2816022,SSAB-AG S.A.,100,search
88,5580588,STEFAN LUCIAN-IMPEX SRL,100,search
89,18986597,TECNOSTAMP TRIULZI EAST EUROPE SRL,100,search
90,17042060,TEHNOSTRADE SRL,100,search
95,44147241,TOBACCO LAND S.R.L.,100,search
97,46266605,UMB TRADING CO. S.R.L.,100,search
106,8278020,COMCEREAL SA,100,search
196,3020924,ADREM INVEST SRL,100,search
197,15841290,AETOS TRADING & CONSULTING SRL,100,search
199,2083754,AGRANA ROMANIA S.R.L.,100,search
211,405195,ARCOM SA,100,search
231,17487,BOG 'ART SRL,100,search
241,361579,BRD - GROUPE SOCIETE GENERALE SA,100,search
245,361897,CEC BANK SA,100,search
251,6544184,CONCELEX SRL,100,search
252,8984971,CONSOLIGHT COM SRL,100,search
254,13502971,CONTI GRUP SRL,100,search
255,18350386,CONVERSION MARKETING SRL,100,search
256,10148013,CORPORATE OFFICE SOLUTIONS SRL,100,search
258,18181937,COSMOS MOBILE SRL,100,search
263,14399840,DANTE INTERNATIONAL SA,100,search
266,17026846,DDB ADVERTISING AGENCY SRL,100,search
267,7756924,DELOITTE AUDIT SRL,100,search
268,2626460,DELOITTE CONSULTANTA SRL,100,search
269,8529458,DIAMEDIX IMPEX SA,100,search
270,17185841,Egnatia Rom SRL,100,search
271,9010121,GENCO TRADE SRL,100,search
274,384530,HOFIGAL EXPORT IMPORT SA,100,search
320,15061715,KWS SEMINTE SRL,100,search
322,11478044,LESAFFRE ROMANIA SRL,100,search
324,25848554,LION COMMUNICATION SERVICES S.A.,100,search
327,10547022,LUKOIL ROMANIA SRL,100,search
328,4272695,LUMINA INSTITUTII DE INVATAMINT  S.A.,100,search
331,6661834,MAIRA MONTAJ SRL,100,search
332,15327494,MANPOWER ROMANIA SRL,100,search
333,18939374,MAPEI ROMANIA SRL,100,search
334,16603741,McCANN PROFESIONAL COMMUNICATION SRL,100,search
336,7005439,MED-SERV UNITED SRL,100,search
337,8671680,MEDIA CITY S.A.,100,search
338,15731750,MEDIA CONSULTA INTERNATIONAL SRL,100,search
339,34130234,G INVESTMENT MEDIA SRL,98.11764705882352,search
343,18927698,MERCEDES-BENZ ROMANIA SRL,100,search
344,5692980,MOTODYNAMICS SRL,100,search
345,26691490,ND MEDHEALTH SRL,100,search
346,5589684,OMNIASIG VIENNA INSURANCE GROUP SA,100,search
347,12638569,OMNICOM MEDIA GROUP SRL,100,search
348,11201891,OMV PETROM MARKETING SRL,100,search
350,22767862,ONE UNITED PROPERTIES S.A.,100,search
351,38932370,OPAL TECHNOLOGIES S.R.L.,100,search
352,31056397,OPEN MIND LABORATORY S.R.L.,100,search
354,25797949,OPTIM PROJECT MANAGEMENT SRL,100,search
355,23419122,OPTIMUM MEDIA DIRECTION PLAN & BUY SRL,100,search
356,15058256,ORACLE ROMANIA SRL,100,search
357,8900229,ORBICO BEAUTY SRL,100,search
359,14071907,ORTOPEDICA SRL,100,search
360,34865376,OTHO ESTATE SRL,100,search
361,7926069,OTP BANK ROMANIA SA,100,search
362,26048495,OXIGEN AGRO PRODUCT COMPANY SRL,100,search
364,23910846,OXYGEN PUBLIC RELATIONS SRL,100,search
365,9225651,P. DUSSMANN SERV ROMANIA SRL,100,search
369,26102381,PANDORA JEWELRY ROMANIA SRL,100,search
370,14693799,PAPAYA ADVERTISING SRL,100,search
417,17756999,PROCTER & GAMBLE DISTRIBUTION SRL,100,search
419,18167975,PROFILCO RO SRL,100,search
421,15118170,PROMPT SERVICE TOTAL SRL,100,search
422,26640798,PROPAGANDA CREATIVE SERVICES SRL,100,search
424,34830572,PROPERTY PARTNERS REAL ESTATE S.R.L.,90.56716417910448,search
427,33883390,PUBLICIS GROUPE MEDIA BUCHAREST S.A.,100,search
429,6707206,PULS MEDICA S.A.,100,search
431,15333810,PZP ARHITECTURA SRL,100,search
432,23010682,Q-MAX BUSINESS CONSULTING SRL,100,search
433,22940105,QUADRA ESTATE S.R.L.,100,search
435,16684649,QUALITY CROPS AGRO SRL,100,search
436,22599416,QUARSIS CONSULTING SRL,100,search
437,14951170,RABBIT MEDIA SRL,100,search
438,17083558,RADACINI MOTORS SRL,100,search
439,3939511,RADCOM S.A.,100,search
442,32743070,RANDSTAD STAFFING SRL,100,search
447,18532337,REC IMMPULS SRL,100,search
449,17019695,RECORDATI ROMÂNIA SRL,100,search
453,15584218,ROADHILL AUTOMOTIVE SRL,100,search
454,5541546,ROBERT BOSCH SRL,100,search
456,17551047,ROCHE ROMANIA SRL,100,search
457,22680005,ROCK STAR CONSTRUCT SRL,100,search
458,10863700,ROCKWOOL ROMANIA SRL,100,search
459,17723673,RODBUN GRUP S.A.,100,search
461,22725808,ROGALSKI DAMASCHIN PUBLIC RELATIONS SRL,100,search
462,6502278,ROHDE & SCHWARZ TOPEX SA,100,search
463,5462280,ROM ENERGY ARMSTRONG SRL,100,search
466,6769462,ROMASTRU TRADING SRL,100,search
467,13468314,ROMCONSULTING INTERNATIONAL SRL,100,search
513,10239863,SIIP ROMANIA SRL,99.65217391304348,search
514,14756951,SIMARTIS TELECOM SRL,100,search
515,15186239,SINDAN - PHARMA SRL,100,search
516,24764358,SIRANI GRUP SRL,88.21052631578947,search
518,28867615,SKANSKA CONSTRUCTION ROMANIA SRL,100,search
519,24624699,SKYLUX CONSTRUCTION SRL,100,search
520,18643548,SMART ELECTRO-DISTRIBUTION SRL,100,search
521,27043917,SMART ID DYNAMICS SA,100,search
522,18738800,SMART POINT SRL,100,search
524,13991177,SMARTECH CONSULT SRL,100,search
530,6719715,SOF MEDICA S.A.,100,search
531,19333723,SOFTELLIGENCE SRL,100,search
532,36297310,SOLARIS BUS & COACH ROMANIA SRL,100,search
533,22424341,SOMACO GRUP PREFABRICATE SRL,100,search
534,15764367,SOMACO HOLDING SA,100,search
537,37586457,SPHERA FRANCHISE GROUP S.A.,100,search
542,18059620,STARKEY LABORATORIES SRL,100,search
543,12750898,STEELMET ROMANIA SA,100,search
544,6891914,STRABAG SRL,100,search
546,9911870,STREAM NETWORKS SRL,100,search
547,1555530,STUDIO 10M ZERVA CROITORU MEDVEDOVICI ARHITECTI ASOCIATI SRL,100,search
548,21104080,STUDIO ART CONSTRUCT SRL,100,search
549,13683142,SUNMEDAIR TRAVEL & TOURISM SERVICES SRL,100,search
551,13886414,SYNERGY CONSTRUCT SRL,100,search
552,6479639,SYNEVO ROMANIA SRL,100,search
553,6476683,SYNOTECH GLOBAL SERVICES ROMANIA SRL,100,search
555,25946293,SYSCOM DIGITAL SRL,100,search
556,18138597,TAKEDA PHARMACEUTICALS SRL,100,search
557,16066125,TARSAGO ROMANIA SRL,100,search
558,18180117,TCE AGROSUIND S.R.L.,100,search
559,14147924,TCHIBO BRANDS SRL,100,search
560,13904073,TEAMNET INTERNATIONAL SA,100,search
561,6149258,TECHNOELECTRIC SRL,100,search
562,16939467,TECHTEX SRL,100,search
563,25263452,TECHVENTURES BANK S.A.,100,search
609,28464035,UPONOR ROMANIA SRL,100,search
611,12695122,UTI GRUP SA,100,search
612,10688099,UZINSIDER GENERAL CONTRACTOR SA,100,search
614,23100700,VALDOMEDICA TRADING SRL,100,search
616,37338915,VALORIA BUSINESS SOLUTIONS SRL,100,search
617,10077508,VALTEC PREMIUM LUBRICANTS SRL,100,search
620,6597308,VECTRA EUROLIFT SERVICE SRL,100,search
621,13678847,VEGA RM 2000 SRL,89.71428571428572,search
622,1595802,VEOLIA ENERGIE ROMÂNIA  S.A.,100,search
623,23920351,VERBUND WIND POWER ROMANIA SRL,100,search
624,13869430,VERICOM 2001 SRL,100,search
625,33945221,VERIDIO SRL,100,search
626,23012802,VESTAS CEU ROMANIA SRL,100,search
627,16558497,VESTEL ELECTRONICA SRL,100,search
628,45345433,VGP PARK TIMISOARA FOUR S.R.L.,91.8048780487805,search
630,24018730,VIMETCO TRADING SRL,100,search
633,22028495,VISTRA PROFESSIONAL SERVICES SRL,100,search
635,18680678,VITALIS CONSULTING SRL,100,search
636,8971726,VODAFONE ROMANIA SA,100,search
638,15858534,VON Consulting SRL,100,search
641,9518767,WALMARK ROMANIA SRL,100,search
642,21664036,WAREHOUSES DE PAUW ROMANIA S.R.L.,100,search
643,13172415,WAVEMAKER ROMANIA SRL,100,search
644,17438154,WELLKEPT GROUP  S.A.,100,search
645,3507653,WESTFOURTH ARCHITECTURE SRL,100,search
648,10941727,WIENERBERGER S.R.L.,100,search
649,30009133,WILLEMEN CARPAŢI SRL,100,search
651,26147138,WISE FINANCE SOLUTIONS SRL,100,search
653,11772421,DORNA AGRI SA,100,search
655,15598248,2 CONNECT ROMANIA SRL,100,search
656,18806076,3PILLAR GLOBAL SRL,100,search
657,21381692,A6 IMPEX SA,100,search
658,16347848,ACCESA IT CONSULTING SRL,100,search
659,200513,ACI CLUJ SA,100,search
707,26599613,CENTRUL MEDICAL TRANSILVANIA SRL,100,search
708,2880513,CENTRUL MEDICO CHIRURGICAL INTERSERVISAN SRL,100,search
710,29228059,CH INDUSTRIAL PROD SRL,100,search
714,7636634,COMINEX NEMETALIFERE SA,100,search
715,15899615,COMLACT SRL,100,search
716,8008913,COMPEXIT TRADING SRL,100,search
720,16367160,CORATIM SRL,100,search
722,211369,COSMETIC PLANT PRODCOM SRL,100,search
724,35134935,CRAFTING SOFTWARE INNOVATION SRL,100,search
725,42274451,CRAMA VATRA ROSIA S.R.L.,98.11764705882352,search
726,32871568,CSA AVICOLA PROD SRL,100,search
727,22419779,CSATARI PLAST SRL,100,search
728,16664846,CSI ROMANIA SRL,100,search
729,18261165,CUCINA TUREA SRL,100,search
730,18081482,CYANE SRL,100,search
733,13572136,DABLEROM SRL,100,search
734,4636303,DACIA SERVICE CLUJ FELEAC SA,100,search
735,23568876,DANADVICE SRL,100,search
736,14004614,DANCA INTERNATIONAL SRL,100,search
737,201020,DARIAN DRS SA,100,search
739,9434372,DELTAMED SRL,100,search
740,15528544,DISTRAL S.A.,100,search
743,13607501,DUCFARM SRL,100,search
744,38601610,EAST CARGOLOG S.R.L.,100,search
746,15154407,ECKERLE AUTOMOTIVE SRL,100,search
747,36539619,ECO LUNA AGRAR SRL,100,search
748,15298771,ECOLOR SRL,100,search
749,28396992,EDELWAND SRL,100,search
750,19009329,EGIS ROMPHARMA SRL,100,search
751,16571917,ELECTROGLOBAL S.A.,100,search
752,9256208,ELECTROGRUP SA,100,search
753,18399991,ELITE GRUP SRL,100,search
754,4835284,ELMAT S.A.,100,search
755,18284762,EMERSON SRL,100,search
756,27738850,EMS FHP SYSTEMS S.R.L.,100,search
757,9533457,ENDAVA ROMANIA SRL,100,search
758,211717,ENERGOBIT  S.A.,100,search
805,13180736,GRAN ROM SRL,100,search
806,200947,GRANDEMAR SA,100,search
808,11009951,GRUP ENERGOINSTAL SA,100,search
809,25463418,GRUP TAURUS DEVELOPMENT SRL,100,search
812,13018697,HASIT ROMANIA SRL,100,search
813,19938938,HECO SCHRAUBEN SRL,100,search
814,34512552,HEISTERKAMP TRANSPORT ROMANIA SRL,100,search
815,11917700,HELD FASHION SRL,100,search
817,39897948,HEXAGON EQUITY HOLDING S.R.L.,100,search
818,21706670,HIGH TECH TECNOSKY SRL,100,search
820,18198580,HIRSCH POROZELL SRL,100,search
821,17662258,HOUDAM SRL,100,search
822,14557690,HUNNEBECK ROMÂNIA SRL,100,search
823,17876260,IBC FOCUS SRL,100,search
825,201691,ICPIAF SA,100,search
826,205499,IMCOP SRL,100,search
827,17008297,IMM HYDRO EST SRL,100,search
828,21571247,IMPERIAL DEVELOPMENT SRL,100,search
830,5178727,IMSAT SERVICE CLUJ SA,100,search
832,24195562,INTER CARS ROMÂNIA SRL,100,search
834,226742,INVEST SERVICII COMERCIALE SRL,100,search
837,17696129,KADRA TECH S.R.L.,100,search
838,18256428,KAZAL SRL,100,search
839,35753257,KESZ CONSTRUCTII ROMANIA SRL,100,search
840,29600704,KINETOTEAM SRL,100,search
842,7096380,KNOX GROUP SRL,100,search
843,24193170,KONCEPT ADVERTISING S.R.L.,100,search
844,18173314,KOVOSTROJ SRL,100,search
847,254947,LAPP INSULATORS SA,100,search
848,11040604,LECOM BIROTICA ARDEAL SRL,100,search
849,34858719,LEGOFRUCT EXPERT SRL,100,search
850,16615290,LEIER ROM SRL,100,search
851,2868676,LEMNCONFEX SRL,100,search
852,16586462,LOGIC SYSTEMS SRL,100,search
853,6654810,LOGISTIC E VAN WIJK SRL,100,search
854,31015826,LOGITRUST IMPACT SRL,100,search
855,27010910,LUXOR RESIDENCE SRL,100,search
856,23663878,LV AGRO PRODEXIM SRL,100,search
857,14812431,MADD ELECTRONICS GROUP SRL,100,search
858,11662844,MAGIC SILVER DISTRIBUTION SRL,100,search
859,36341700,MARELLI CLUJ ROMANIA S.R.L.,100,search
860,7371200,MARIFLOR PRODCOM SRL,100,search
862,18547800,MEDIA EVENT TOUR SRL,100,search
912,7484994,PILKINGTON AUTOMOTIVE ROMANIA SA,100,search
913,21102097,PITAS INVESTMENTS SRL,100,search
915,201136,PLANTEXTRAKT SRL,100,search
916,34562771,POLUS RESIDENCE SRL,100,search
917,215557,POPA M CONSULTING SRL,100,search
918,34972909,PORSCHE ENGINEERING ROMANIA SRL,100,search
919,11656982,POWER BELT SRL,100,search
920,14964561,PREMIERE M SRL,100,search
921,12420890,PRO NUTRITION IMPEX SRL,100,search
923,199222,PRODVINALCO SA,100,search
925,6845993,PROMELEK XXI S.A.,100,search
926,16491486,PROMPT URG SRL,100,search
927,30164862,PUIUL REGAL  S.R.L.,100,search
928,4815309,PUNCTUAL COMIMPEX SRL,100,search
929,15236671,PURMO GROUP ROMANIA S.R.L.,100,search
931,17676369,QUANTAL PRIMA SRL,100,search
933,22176874,RDCONS INVEST SRL,100,search
934,39271439,REBELDOT SOLUTIONS S.R.L.,100,search
935,13287253,RECOGNOS ROMANIA SRL,100,search
936,24214656,REIF INFRA SRL,100,search
937,15705409,REMATINVEST SRL,100,search
938,2891679,REMEDIUM FARM SRL,100,search
940,27847393,REPRO INVEST SRL,100,search
941,6528030,RITAK SRL,100,search
942,4016034,RMB INTER AUTO SRL,100,search
943,24945567,ROCAS DECOR SRL,100,search
944,28911249,RODEAPPS SRL,100,search
945,199605,ROLICOM IMPORT EXPORT SRL,100,search
946,14159295,ROMSERG EXIM SRL,100,search
947,10208549,RONDOCARTON SRL,100,search
948,9967561,ROSICO IMPEX SRL,100,search
951,10012185,ROUTIER EUROPEAN TRANSPORT S.A.,100,search
953,34844870,SAAN TRUCKING SRL,100,search
954,6466183,SAFEWAY INTERNATIONAL IMPEX SRL,100,search
955,12532567,SALICE COMPROD SRL,100,search
956,35350378,SAMUS TEC S.A.,100,search
957,199028,SANEX SA,100,search
958,24454900,SANTOMAR ONCODIAGNOSTIC SRL,100,search
960,26442448,SDC IMOBILIARE SRL,100,search
961,10166281,SECPRAL PRO INSTALATII SRL,100,search
962,18528115,SEKO SIETA SRL,100,search
963,26689295,SELECT ADVERTISING SRL,100,search
964,17481529,SERVELECT SRL,100,search
1013,33572033,TRANSYLVANIAN WELLNESS PRODUCTS SRL,100,search
1014,9263841,TRASMEC PRODUCTION RO S.R.L.,100,search
1016,15814422,TREND FURNITURE SRL,100,search
1026,17475683,URCARN SRL,100,search
1029,30175853,VDM INVEST S.R.L.,100,search
1030,212704,VENUS IMPEX SRL,100,search
1032,5612469,VERLA SRL,100,search
1034,10823098,VIALIN INVEST SRL,100,search
1035,18245666,VIBRACOUSTIC ROMANIA  SRL,100,search
1036,214527,VITACOM ELECTRONICS SRL,100,search
1037,38607825,VITI & SCOPE S.R.L.,100,search
1038,43800716,VITRINA ADVERTISING S.R.L.,100,search
1039,12940442,VLG RO SRL,100,search
1041,36749025,VOS LOGISTICS CARGO S.A.,100,search
1042,22951589,WEBERBAU SRL,100,search
1043,21027815,WINCON SRL,100,search
1045,31721449,WIP INDUSTRIES ROMANIA SRL,100,search
1046,33986230,WOLFPACK DIGITAL S.R.L.,100,search
1047,6064151,WOODEN TECHNIC PRODIMPEX SRL,100,search
1050,4906881,YONDER SRL,100,search
1051,16723187,ZIPPER SERVICES SRL,100,search
1052,8877045,BLACK SEA SUPPLIERS SRL,100,search
1053,41298460,FOTONIA SHINE RETENTION S.R.L.,100,search
1054,30183112,GLOBAL DEFENSE LOGISTICS SRL,100,search
1055,13906961,MEDTAINER RO SRL,100,search
1058,41096623,KARVELAS LTD S.R.L.,100,search
1108,26287387,LEMACONS SRL,100,search
1109,1639739,LIBERTY GALATI S.A.,100,search
1110,20281547,LIBERTY TUBULAR PRODUCTS GALATI S.A.,100,search
1111,25377830,LIO-METAL SRL,100,search
1112,14642760,LUNOK SRL,100,search
1113,6581999,MAIRON GALATI SA,100,search
1114,6497929,MAIRON TUBES SRL,100,search
1115,31607593,MANAGRO GRAINS MCO SRL,100,search
1116,18127822,MARCOSER SRL,100,search
1117,27862946,MEDART LOGISTICS SRL,100,search
1118,41325069,METPROM STEEL TRADE S.R.L.,100,search
1119,33933766,MUEHLHAN SRL,100,search
1120,1633019,MYOSOTIS SRL,100,search
1121,15804453,NADICER SRL,100,search
1122,3601803,NEVADA-BUTNARU SRL,100,search
1123,29156777,NEXT ENERGY PARTNERS SRL,100,search
1124,15193295,NOMIS 2003 SRL,100,search
1125,6266134,NOY BUSINESS TRANZACTIONS SRL,100,search
1126,7843079,PALOMINO NOVA COOP S.R.L.,100,search
1127,15379876,PATISGAL SRL,100,search
1129,26162391,PRUTUL AGRI TRADE S.R.L.,100,search
1130,1632862,PRUTUL SA,100,search
1131,24391259,QUANTUM CONSTRUCT SRL,100,search
1132,14476897,RACRICOM SRL,100,search
1133,7862755,REMICO COMPREST SRL,100,search
1134,6542701,REVIVAL SRL,100,search
1136,12430567,ROVIS LIDER SRL,100,search
1138,1651643,SANTIERUL NAVAL DAMEN GALATI SA,100,search
1139,2643282,STAER INTERNATIONAL SA,100,search
1140,8006670,TANCRAD SRL,100,search
1141,10890801,TRANSURB SA,100,search
1142,18055130,UTCHIM STEEL S.R.L.,100,search
1143,15668262,VALRO TRADE SRL,100,search
1144,17690371,VIDAFAN SRL,100,search
1146,33557181,A & S MED WAREHOUSE SRL,100,search
1147,7563613,ACCORDING GROUP SRL,100,search
1148,16443616,ADN PREFABRICATE S.R.L.,100,search
1149,30970581,AG STEEL BUILDING & CLADDING SRL,100,search
1152,1996960,AGROCOMPLEX LUNCA PASCANI SA,100,search
1153,15576550,AGROPAN IMPEX SRL,100,search
1154,37582102,ALTEN DELIVERY CENTER EASTERN EUROPE S.R.L.,100,search
1156,1973096,ANTIBIOTICE SA,100,search
1157,1959768,APAVITAL SA,100,search
1158,24948610,ARCADIA HOSPITAL SRL,100,search
1159,26181750,ARCADIA POLICLINIC SRL,100,search
1160,23382732,ARCADIS EXCELLENCE CENTER ROMANIA S.A.,100,search
1161,1965018,ASAM SA,100,search
1162,15903511,ATI MOTORS HOLDING SRL,100,search
1163,37160477,ATTRIUS DEVELOPMENTS SRL,100,search
1165,18646692,AUTO PADOVA SRL,100,search
1213,18361695,ENVIRO CONSTRUCT SRL,100,search
1214,1966587,EUROTEX COMPANY SRL,100,search
1215,14890723,EXPRESS CREDIT AMANET SRL,100,search
1216,18030470,FERMADOR SRL,100,search
1217,42611573,FERTIL STAR S.R.L.,100,search
1218,28265440,FIDES EXPRESS SRL,100,search
1219,27216082,FITERMAN DISTRIBUTION SRL,100,search
1220,6787981,FITERMAN PHARMA SRL,100,search
1221,23154424,FOCALITY SRL,100,search
1222,18772275,FONDAL INTERNATIONAL SRL,100,search
1223,29429400,GAROM FOOD SRL,100,search
1225,25935413,GODADDY SERVICES S.R.L.,100,search
1226,46910446,GRANARIA CERES S.R.L.,100,search
1227,40619821,GRENZEBACH ROMANIA S.R.L.,100,search
1228,14784730,GRUP CONSTRUCTII EST SA,100,search
1230,8043104,HELP FLUX SRL,100,search
1231,32775730,HTR SPEDITION SRL,100,search
1232,1957821,IASICON SA,100,search
1233,22282280,IG WATTEEUW ROMANIA SRL,100,search
1234,16895530,IMPORT CARS LEASING S.R.L.,100,search
1235,1997087,INDUSTRIALIZAREA CARNII (KOSAROM) SA,100,search
1236,8043163,INOVALABEL SRL,100,search
1237,14990145,INTER UNO SRL,100,search
1238,19181463,IULIUS MANAGEMENT CENTER SRL,100,search
1239,17974659,LARA FARM SRL,100,search
1241,6015400,LORIMER SRL,100,search
1242,25308163,MADO CORPORATION SRL,100,search
1243,29465233,MAMBU TECH SRL,100,search
1245,38485175,MB DISTRIBUTION MED S.R.L.,100,search
1246,1964519,MECON IASI SRL,100,search
1247,13756430,MEDIA ROM GRUP SRL,100,search
1248,40247876,MENNEKES ELECTRIC S.R.L.,100,search
1249,15085498,MIGDALIN SRL,100,search
1250,26784122,MIHAK & TIBAK SRL,100,search
1251,26784173,MISAVAN TRADING SRL,100,search
1252,35186969,MOLDOVA SEMINŢE SRL,100,search
1253,1943036,MOLDOVA ŢIGĂNAŞI S.A.,100,search
1254,10727872,MOTEXCO SRL,100,search
1255,14664386,NERA COMPUTERS SRL,100,search
1257,17891928,OMCO ROMANIA SRL,100,search
1258,22476820,PALAS 1 SRL,100,search
1259,14294291,PANIFCOM SRL,100,search
1260,11547381,PESTOS SRL,100,search
1262,22001686,PHINIA DELPHI ROMANIA S.R.L.,100,search
1263,15916740,POLIROM PACKAGING SRL,100,search
1264,14530430,PRIMA CONSTRUCT SRL,100,search
1265,13417272,PROINVEST GROUP SRL,100,search
1266,5150840,QUARTZ MATRIX SRL,100,search
1267,25168353,QUATRO GRUP DISTRIBUTION SRL,100,search
1268,27825050,RAL CONSTRUCT MANAGEMENT SRL,100,search
1269,39860302,RC BETON BAU S.R.L.,100,search
1270,25323457,RESONANCE DISTRIBUTION SRL,100,search
1314,22803523,SKREKIS ELECTRIC (S.K.) SRL,100,search
1316,16310946,2B GROUP SRL,100,search
1317,14853334,3EL SRL,100,search
1318,27146203,A & A TRANSPORTURI SPECIALE SRL,100,search
1320,23180890,A&Z TRANS SRL,100,search
1321,1196550,AAGES S.A.,100,search
1322,39436006,ABRAZIV TRADE S.R.L.,100,search
1323,39077611,ABSOLUT GRANIT S.R.L.,100,search
1324,2533042,ACANTHA-FARM SRL,100,search
1325,19333154,ACID MEDIA SRL,100,search
1327,31596893,ACOPERIŞUL POTRIVIT MUREŞ  SRL,100,search
1328,16429174,ACTAMEDICA SRL,100,search
1329,30406478,ACTCONSTRUCT-B SRL,100,search
1330,17182365,ADAMS VISION SRL,100,search
1331,35707030,ADDICOO BFN S.R.L.,100,search
1333,18634515,ADI DEL BOCA SRL,100,search
1334,28658210,ADI DRAG TRANS SRL,100,search
1335,11445306,ADIAL ELECTRONIC SRL,100,search
1336,16536618,ADIANA COM SRL,100,search
1337,4786351,ADIMAG COM IMPEX SRL,100,search
1338,1206158,ADIMEX SRL,100,search
1340,16405213,ADMINISTRATOR IMOBILE SI PIETE SRL,100,search
1341,28635780,ADRA 2011 SRL,100,search
1342,23431347,ADRU SOLUTION SRL,100,search
1344,13843294,AESCULAP PROD SRL,100,search
1345,39395704,AGC URBIO S.R.L.,100,search
1346,27228206,AGF NUOVAGROUP SRL,100,search
1348,29727784,AGRO CISMAS SRL,100,search
1349,17974918,AGRO COM ALBERT SRL,100,search
1351,36390060,AGRO INVEST OVIM SRL,100,search
1388,38176935,AMBASADOR GROUP SECURITY SRL,100,search
1389,14811606,AMBISCO SRL,100,search
1390,15768806,AMIS MOB SA,100,search
1391,15257194,AN FEED SRL,100,search
1394,16090360,ANDSER MEDICA SRL,100,search
1395,26422025,ANGIO CENTER SRL,100,search
1396,6270402,ANVERGO SRL,100,search
1397,4166996,ANVICO SA,100,search
1398,1225869,APĂ TERMIC TRANSPORT SA,100,search
1399,15436530,APIPRODEX SRL,100,search
1401,35413840,ARCOFLOR CONSTRUCT SRL,100,search
1402,39516725,ARDEALE COSMETICS S.R.L.,100,search
1403,29308700,ARDON 4SAFETY SRL,100,search
1404,35290691,ARKARA MOONLIGHT S.R.L.,100,search
1405,28841925,ARMINCO BMC SRL,100,search
1406,18646935,ARMIUS SRL,100,search
1407,5934316,ARMONT SRL,100,search
1408,5429810,ARMOS EXIM SRL,100,search
1409,18395779,ARMOS SERVICES SRL,100,search
1412,31789827,ASMARA PREMIUM BRANDS SRL,100,search
1413,15554632,ASPHAROM SRL,100,search
1414,3445623,ASTOR COM SRL,100,search
1415,27376067,ATD SERVICII TEHNICE SRL,100,search
1416,31806715,ATLAS SPORT SRL,100,search
1417,11648246,AUNDE C&S AUTOMOTIVE S.R.L.,100,search
1418,2527008,AUREXIM SRL,100,search
1419,28149461,AUTOBIT SRL,100,search
1420,11113480,AUTOCOMPLET SRL,100,search
1422,13595385,AUTOHAUS WESTCAR SRL,100,search
1454,1199107,BIO EEL SRL,100,search
1455,38581482,BIOEEL MANUFACTURING SRL,100,search
1456,7962932,BIOPHARM INTERNATIONAL SRL,100,search
1457,45389316,BIRENDRA S.R.L.,100,search
1458,16839190,BLEMA TRANS SRL,100,search
1459,14326504,BLONDY ROMANIA SRL,100,search
1461,19248520,BLUE ISLAND PRODUCTIONS SRL,100,search
1462,43027220,BMA AUTOCENTER S.R.L.,100,search
1466,6753865,BORDAŞ INDUSTRIAL GROUP OF ALUMINIUM SA,100,search
1467,38828699,BPW FOREST MUNTENIA S.R.L.,100,search
1468,46805831,BREWON WORCON S.R.L.,100,search
1470,36238454,BRK VAS FOREST SRL,100,search
1471,44752900,BRM HOME SOLUTION S.R.L.,100,search
1472,32942405,BS PAZA SI PROTECTIE SRL,100,search
1474,3840525,BUCIN MOB SRL,100,search
1475,34702557,BUMEKA PLUS SRL,100,search
1477,35982153,C&F PROFESIONAL FORAJE SRL,100,search
1478,1252391,C & PI COMPROD SRL,100,search
1480,30713588,CA & MB GRUP SRL,100,search
1481,15193724,CABLETEAM SRL,100,search
1482,33986329,CADRUPO AUTOMOBILE SRL,100,search
1483,15896449,CALINUT SRL,100,search
1484,23723635,CAMBRIO AUTO  SRL,100,search
1485,14905786,CAMELWEB CREATIONS SRL,100,search
1486,8827950,CAMRA COM SRL,100,search
1489,18725974,CARLA ENERGY SRL,100,search
1527,1215202,COMOBIMPEX SRL,100,search
1528,19033173,COMOSERV S.R.L.,100,search
1529,10755074,COMPANIA AQUASERV SA,100,search
1530,31085414,COMPANIA DE DEMOLARI INDUSTRIALE SRL,100,search
1531,46751006,COMPLEX BOEMA S.R.L.,100,search
1532,4948518,COMPLEX PADEŞUL SRL,100,search
1533,30327820,COMTRANS HUTINA SRL,100,search
1534,1235455,COMVIG IMPEX SRL,100,search
1535,4564657,COMVIV SRL,100,search
1536,37881821,CONART STRUCTURI SRL,100,search
1537,1218632,CONFORT IMPEX SRL,100,search
1538,6350056,CONIFLOR SRL,100,search
1539,4028020,CONSICOM SRL,100,search
1540,1238311,CONSTRUCT MAPCOM SRL,100,search
1541,18023473,CONSTRUCT STIL INOX SRL,100,search
1542,11814659,CONSTRUCŢII FEROVIARE MUREŞ SA,100,search
1544,22446757,CONSUS ELECTRIC SRL,100,search
1545,33522965,CONTRANSCOM CONSTRUCŢII BENŢA SRL,100,search
1546,44931914,COOPERATIVA AGRICOLĂ ECO AGRAS,100,search
1547,8311770,CORALIA COM SRL,100,search
1548,12196823,COSTACOS EXCHANGE SRL,100,search
1549,16999264,COTRACO ROM SRL,100,search
1550,38880972,CREATIV CONSREG S.R.L.,100,search
1551,34123725,CREATOYS TEAM SRL,100,search
1552,40428589,CRISTITRANSERV S.R.L.,100,search
1553,1211987,CROMATIC TIPO SRL,100,search
1554,14493936,CRYSTAL GLOBE SRL,100,search
1555,28305056,CTC CONSTRUCT ARDEAL SRL,100,search
1556,12361343,CULTILIS SRL,100,search
1559,16898219,DAFCOCHIM AGRO SRL,100,search
1560,28347507,DAFCOCHIM DISTRIBUTION SRL,100,search
1561,10177469,DAGHEMANA COM SRL,100,search
1562,42176798,DAMY ORTOMED S.R.L.,100,search
1563,1217815,DAN BOMBON SRL,100,search
1594,7417103,DORA LIA UNIVERSAL COM SRL,100,search
1595,14067760,DORA MEDICALS SRL,100,search
1596,24161985,DORA OPTICS SRL,100,search
1597,32332229,DRAGOSILOS TRANS SRL,100,search
1598,14357500,DRUMSERV SA,100,search
1599,1213309,DRUMURI ŞI PODURI MUREŞ SRL,100,search
1600,20256292,DSU MURES SRL,100,search
1601,13851165,DUDA TRANS SRL,100,search
1602,9941928,DURKOPP ADLER SRL,100,search
1606,14892520,EAGLETRONIC SRL,100,search
1607,33924911,EAST AGRO INPUT S.R.L.,100,search
1608,4489768,EAST EUROPEAN TRADE SRL,100,search
1609,14637500,ECOFRUCT SRL,100,search
1610,25864479,ECOHELP SRL,100,search
1611,15349603,ECOINSTAL IT CONSULT SRL,100,search
1612,17459742,ECOOL LUB TRADING & SERVICE SRL,100,search
1613,28696329,ECOSERV SIG SRL,100,search
1614,3800083,EDIMPEX SRL,100,search
1615,22354360,EDU SOFT MARKETING SRL,100,search
1616,8866313,EGAN PROD SRL,100,search
1617,9829933,EIGHTEENGYM S.R.L.,100,search
1618,22989478,ELAN DEPO KER S.R.L.,100,search
1619,36566869,ELAN FRUIT SRL,100,search
1620,6753822,ELDI BRUTARIA SRL,100,search
1621,46323689,ELDI SMART DISTRIBUTION S.R.L.,100,search
1622,26090759,ELECTRIC LIGHT EXPERT SRL,100,search
1623,1200600,ELECTRO ORIZONT SRL,100,search
1624,1196615,ELECTROTERM SRL,100,search
1625,48619304,ELEKTROMODUL ROMANIA S.R.L.,100,search
1626,30210284,ELEN WU SRL,100,search
1628,11017750,ELMED MEDICAL SRL,100,search
1630,15981099,ELSZ COM SRL,100,search
1631,47266166,EMY SPECIAL TRANSPORTS S.R.L.,100,search
1632,25708569,EN-RG-ETIC S.R.L.,100,search
1665,24694953,F&G ECO SRL,100,search
1667,36990570,FAN DISTRIBUTION SRL,100,search
1668,27754456,FANDEMO SRL,100,search
1669,39990280,FAREL DSL S.R.L.,100,search
1670,6565055,FAREL IMPEX SRL,100,search
1671,7130520,FARIBO PRODCOM SRL,100,search
1672,8285841,FARMA DAN PRES SRL,100,search
1673,1199000,FARMACEUTICA B&B SRL,100,search
1674,1235153,FARMACIA HORVATH SRL,100,search
1676,1221433,FARMACIA PRIMULA SRL,100,search
1677,12689724,FARMATOP SRL,100,search
1678,41285193,FARO-METAL S.R.L.,100,search
1679,32641640,FAST WAY AUTO SRL,100,search
1680,5934901,FASTENER LIMITED SRL,100,search
1681,17748465,FENYES SRL,100,search
1682,47389266,FERMIERUL MUREȘEAN COOPERATIVĂ AGRICOLĂ,100,search
1683,1224456,FERMIS SRL,100,search
1684,30483853,FFP 2010 SRL,100,search
1685,18612592,FILUX SRL,100,search
1686,1251183,FINTINA MARCULUI SRL,100,search
1687,14412036,FIORD SRL,100,search
1688,15020715,FITOPREST SRL,100,search
1689,25188580,FLEXI PRO SRL,100,search
1690,47423112,FLM CONSTRUCT MURES S.R.L.,100,search
1691,3832581,FLORADIS COMPANY SRL,100,search
1692,35975113,FLOWER SHOP SOLUTIONS SRL,100,search
1694,39455407,FOMCO BUSINESS MANAGEMENT S.R.L.,100,search
1695,31036918,FOMCO GPS S.R.L.,100,search
1696,18312900,FOMCO IMOBILIARE S.R.L.,100,search
1697,46855317,FOMCO SOLAR SOLUTIONS S.R.L.,100,search
1698,16981119,FOMCO SOLAR SYSTEMS SRL,100,search
1699,16054708,FOMCO TRADE S.R.L.,100,search
1700,25672635,FOMCO TRUCK SERVICE S.R.L.,100,search
1701,14895283,FOMCO WOOD S.R.L.,100,search
1702,36317868,FOOD EX-IM GLOBAL SRL,100,search
1703,27785320,FOR PHARMA SRL,100,search
1704,49391980,FORCE SERV S.R.L.,100,search
1735,14953210,GRUP SIMEX SRL,100,search
1736,41865085,GSD MOTION S.R.L.,100,search
1737,32039122,GST SAFETY TEXTILES RO SRL,100,search
1739,34882431,HAPPY FAMILY LIFE SRL,100,search
1741,23242488,HARMON LABOUR SRL,100,search
1742,7452437,HARTMANN PRODCOM SRL,100,search
1743,17771735,HASEL INVENT SRL,100,search
1746,1199190,HELLIOS COM SRL,100,search
1748,6064798,HERLITZ ROMANIA SRL,100,search
1749,8851533,HERMANNS COMPANY PRODIMPEX SRL,100,search
1750,38291969,HIDROSALT CONSULTING LTD SRL,100,search
1751,14905816,HIDROSALT HOLDING SRL,100,search
1752,21408186,HIRSCHMANN AUTOMOTIVE TM S.R.L.,100,search
1753,21953760,HM PRODUCT SRL,100,search
1754,10666988,HOCHLAND ROMÂNIA SRL,100,search
1756,30630547,HOLZ CENTER SRL,100,search
1758,36154574,HORADE DIESEL SRL,100,search
1759,15248927,HORN FOREST SRL,100,search
1760,17492056,HUNI & SZIDI SRL,100,search
1762,6064542,IBANESTI PADURE PROD SRL,100,search
1763,17019245,IDEAL FOODPACK SRL,100,search
1764,42678549,IDEVICE STORE&SERVICE S.R.L.,100,search
1765,15920598,IFN SABION SRL,100,search
1766,24905600,IMA CONCEPT SRL,100,search
1767,43412617,IMGP STAHLBAU S.R.L.,100,search
1768,40229730,IMPREXIS BUILDING S.R.L.,100,search
1770,6668204,INDLACTO MURES SRL,100,search
1771,33676433,INDOOR CONSTRUCT TRANSILVANIA SRL,100,search
1772,9049008,INDRA IMPORT EXPORT SRL,100,search
1808,13775084,KIAGOLD SRL,100,search
1809,37479175,KIM INDUSTRIES CONSULTING S.R.L.,100,search
1810,1262786,KING COMPRES SRL,100,search
1811,34401937,KIS & FRIENDS TRANS SRL,100,search
1812,43063991,KISSUNICUM PRODUCTIE S.R.L.,100,search
1813,18292056,KODAGRO SRL,100,search
1814,9457724,KOVACS TRADE COMPANY SRL,100,search
1815,21324859,KRAFT LOGISTIC SRL,100,search
1816,23536807,KRAUSS KLINIK SRL,100,search
1817,21584581,KRI SPEED SRL,100,search
1818,17628639,KRISKON SRL,100,search
1819,21185823,KRONER CONSTRUCT SRL,100,search
1820,23569472,KRONOS LIFE CONSTRUCT SRL,100,search
1821,13605624,KUKURI SRL,100,search
1822,27754480,LA NUOVA SARTORIA SRL,100,search
1823,13554970,LACROIX AMBALAJE SRL,100,search
1824,25479767,LANDMANIA SRL,100,search
1825,17057184,LAS PROM SRL,100,search
1826,37048776,LATERAL LABS SRL,100,search
1827,23067611,LATERAL SRL,100,search
1828,1206557,LECOIMPEX SRL,100,search
1829,12046036,LEHEL IMPEX SRL,100,search
1830,37141858,LELAND PIZZA  SRL,100,search
1831,31640298,LINE CONNECT CONSTRUCT S.R.L.,100,search
1832,16585025,LION COMPANY SRL,100,search
1833,10755066,LOCATIV SA,100,search
1834,4960473,LORIAND DUOPLAST SRL,100,search
1835,18461139,LOROPAR FOODERS SRL,100,search
1836,2528739,LOTUS IMPEX SRL,100,search
1837,16130929,LUCIANGY SRL,100,search
1838,33795345,LUMEA BASMELOR INTERNATIONAL SRL,100,search
1839,1237006,LUMINA PRODCOM SRL,100,search
1840,18705144,LUPU TRANS SRL,100,search
1841,15177524,LYNX SOLUTIONS SRL,100,search
1843,20695352,MACARALE MURES SRL,100,search
1881,36796558,MED TECH DISTRIBUTIONS SRL,100,search
1882,35529099,MEDCHIM EXPERT SRL,100,search
1883,38192027,MEDEX VITAL SERV SRL,100,search
1885,21104918,MEDIAB SRL,100,search
1886,1234565,MEDIFARM SRL,100,search
1887,18594151,MEDMUREŞ SRL,100,search
1888,17979109,MEESENBURG ROMANIA SRL,100,search
1889,11822295,MEGADATA SRL,100,search
1890,17196425,MEGAMONTAJ SRL,100,search
1891,18066776,MENTAVILL SRL,100,search
1892,5093728,METAREG COM SRL,100,search
1893,19299613,MGC INSTAL CONSTRUCT SRL,100,search
1894,18188463,MIAGRO SRL,100,search
1898,5934367,MILKPACT SRL,100,search
1899,6525417,MIRDATOD PROD SRL,100,search
1900,8536161,MIREL COM SRL,100,search
1902,17655528,MNR TRANS SRL,100,search
1903,17316670,MOBCOMAND SRL,100,search
1905,12288560,MOBIGRY COM SRL,100,search
1906,7078066,MOBILADALIN SRL,100,search
1907,34709601,MOBILE PARTS SRL,100,search
1908,8252062,MOKRI COM SRL,100,search
1909,5076190,MOLDVIOCOM SRL,100,search
1910,4028217,MONDIAL IMPEX SRL,100,search
1911,39395771,MONDO CARS 4YOU S.R.L.,100,search
1946,24253728,NICOLAY ROMANIA SRL,100,search
1947,6626659,NIMAR SRL,100,search
1948,3562321,NIRAJ PRODCOM SRL,100,search
1949,3839849,NIRVANA EXCOM SRL,100,search
1950,17748333,NIVELCO TEHNICA MASURARII SRL,100,search
1951,30871090,NOE PSIHOCENTER SRL,100,search
1952,49134340,NOKE S.R.L.,100,search
1953,11604207,NORAND SRL,100,search
1954,7332759,NORDENLOR PROD COM IMPEX SRL,100,search
1955,23956592,NOVA VITA HOSPITAL SA,100,search
1956,10830893,NOVAMECANICA SRL,100,search
1957,7608294,NOVARTIS PHARMACEUTICALS S.R.L.,100,search
1958,1201584,NOVOFARM SRL,100,search
1959,22380393,NUNILUS SRL,100,search
1960,41333886,OAPOWERTRAIN SYSTEM S.R.L.,100,search
1961,3798900,OBLIO COM SRL,100,search
1963,17568243,OLEANDER GARDEN SRL,100,search
1964,6334034,OLTEAN PRODLEMN SRL,100,search
1965,19008633,OLTING SRL,100,search
1966,14892490,OLTSPERA SRL,100,search
1967,23580268,OMNI CABLE SRL,100,search
1968,28089440,OMNIEXPRESS SRL,100,search
1970,13617777,OMRO IFN S.A.,100,search
1971,5504181,OPREA AVI COM SRL,100,search
1972,4838035,OPTICA OPTOFARM SRL,100,search
1973,9991233,ORDEA PRODCOM SRL,100,search
1974,15844210,ORLANDEA SRL,100,search
1975,1206832,ORMATIN MUR MATERIALE RECUPERABILE SRL,100,search
1976,6877197,ORTOPROFIL PROD ROMANIA SRL,100,search
1977,16785473,OTKA SRL,100,search
1978,49885690,OVERSIZE TRANSPORT S.R.L.,100,search
1979,18774446,OVM OIL SRL,100,search
1980,40100084,OXTRADE CONTRACT S.R.L.,100,search
1981,14321477,PACOVIS ROMANIA SRL,100,search
1982,28265016,PAI AGROCOMPLEX SRL,100,search
1983,6668000,PALAS COM SRL,100,search
1984,45198588,PALLBOX AMBALAJE S.R.L.,100,search
1985,1235609,PANI PLAST SRL,100,search
1986,10654070,PARAT TECHNOLOGY ROMANIA S.R.L.,100,search
1987,31540205,PARCON FREIWALD SRL,100,search
2021,16294271,PRO ELECTRO CASA SRL,100,search
2022,18203784,PRO EX 2005 SRL,100,search
2023,16102201,PRO MEAT 3000 SRL,100,search
2024,14471008,PROBICONS SRL,100,search
2025,18107400,PROCOPEŢ GROUP SRL,100,search
2026,25031509,PROD COM ELECTRIC SRL,100,search
2027,1205578,PRODCARMI SRL,100,search
2028,9716888,PROENERG SRL,100,search
2029,42208245,PROFESIONAL ROM GUARD SECURITY S.R.L.,100,search
2030,26455227,PROFESSIONAL RECYCLE SRL,100,search
2031,44678138,PROFESSIONAL RECYCLE TECHNOLOGY S.R.L.,100,search
2032,1236787,PROFIL IMPORT EXPORT SRL,100,search
2033,6668727,PROFITEC SRL,100,search
2034,34492005,PROFLEX AUTOMOTIVE SRL,100,search
2035,22918434,PROFLEX BV SRL,100,search
2036,21620366,PROFLEX SRL,100,search
2037,28465510,PROFLEX SUD SRL,100,search
2038,29533745,PROLINIARUT SRL,100,search
2039,16794889,PROMARK TRADE SRL,100,search
2041,13152825,PROMOBDECOR SRL,100,search
2042,6246374,PRONTO UNIVERSAL SRL,100,search
2043,8555767,PROTELCON SRL,100,search
2044,35298725,PROTENA S.R.L.,100,search
2045,34906891,PURAMA SRL,100,search
2046,47830949,QFLUID S.R.L.,100,search
2047,35323659,QUALIPLANT SRL,100,search
2049,3934212,RADAN SERV SRL,100,search
2050,1234735,RAGCL SA,100,search
2051,4564703,RAMADEL COM SRL,100,search
2052,15817666,RAMINA SRL,100,search
2053,18301057,RAUL AGROCOM SRL,100,search
2054,32875454,RCB DEVELOPMENT OFFICE S.A.,100,search
2055,25342416,REAL POKER SRL,100,search
2056,42363842,RECRIMCO CONSULTING S.R.L.,100,search
2057,21274190,RECYCLING PROD SRL,100,search
2058,4948402,REDATRONIC SERV SRL,100,search
2095,35236919,RS DIAGNOSTICS SRL,100,search
2096,16034670,RUCK VENTILATOARE SRL,100,search
2097,5284590,RUSANCOM PROD SRL,100,search
2098,42788525,SABASCRELST S.R.L.,100,search
2099,16839050,SABISOR SRL,100,search
2101,37692059,SAIP AUTOMATION INTERNATIONAL S.R.L.,100,search
2102,2849089,SALMO IMPEX SRL,100,search
2104,38146896,SAN-DORA MED SRL,100,search
2106,8159436,SANLACTA SRL,100,search
2107,30638761,SAPORE DI BOSCO SRL,100,search
2109,10314515,SCHUSTER ECOSAL SRL,100,search
2111,15554640,SECURED SR S.R.L.,100,search
2112,38559604,SECURITECH ROM PROD S.R.L.,100,search
2113,18019910,SEFAR SRL,100,search
2114,18803010,SEISIM SERV SRL,100,search
2115,17658796,SEIV INSTAL SRL,100,search
2116,17492013,SEKA LTD COMPANY SRL,100,search
2117,24151159,SELECT CAZINO SRL,100,search
2118,1262093,SEMTEST-BVN SA,100,search
2119,7175379,SENIN PRODEXP SRL,100,search
2120,39664578,SEPIMOB MUREȘ S.R.L.,100,search
2121,20169536,SERELE DALIN SRL,100,search
2122,42779977,SERVICE ECHIPAMENTE INDUSTRIALE S.R.L.,100,search
2123,31350502,SERVICE PP GUARD SRL,100,search
2125,12888930,SIAS CLOTHING IND SRL,100,search
2126,31036985,SIBA PACKAGING SRL,100,search
2127,1276404,SILCOM TREI SATE SRL,100,search
2128,1234190,SIMIMPEX SRL,100,search
2129,31898700,SIRGOMBOS SECURITY SRL,100,search
2130,9801207,SIROD SRL,100,search
2131,35930944,SLF MEDIA SRL,100,search
2132,46968669,SMART DELIVERY SERVICES S.R.L.,100,search
2166,26415079,TALENT STORE S.R.L.,100,search
2167,37124873,TANKSPED SRL,100,search
2168,7795117,TBS AVIATION SRL,100,search
2169,3936680,TECTONA SRL,100,search
2170,29419890,TEKAROM SRL,100,search
2171,14063769,TELETEC SRL,100,search
2172,19164640,TELOG SRL,100,search
2173,40106559,TEMAS MURES RO S.R.L.,100,search
2174,30338080,TERMICA STEEL SRL,100,search
2175,8369101,TETRONIC SRL,100,search
2176,26583544,TEX OIL SRL,100,search
2178,1203895,TEXTOR SA,100,search
2179,23549858,TEXTURA RO SRL,100,search
2180,39060776,THE GREATEST TOURS S.R.L.,100,search
2181,6525450,THEREZIA PRODCOM SRL,100,search
2182,26361386,THREE PHARM SRL,100,search
2183,15015689,TIBERIU GLAS SRL,100,search
2184,14340517,TIBPET SRL,100,search
2185,18371435,TIGER SECURITY SRL,100,search
2187,2527601,TIM KO BRUT SRL,100,search
2188,22746304,TIMBERSTAR SRL,100,search
2189,18048435,TISZA GAME SRL,100,search
2190,16099122,TMF SRL,100,search
2191,5994024,TMGIP SA,100,search
2192,28011719,TOLPROD GROUP 2004 SRL,100,search
2193,13115819,TOMEK CARPET COMPANY SRL,100,search
2194,1205349,TOP ELECTRO SRL,100,search
2195,21445486,TOP GAZ SRL,100,search
2196,35343400,TOP SMART INVEST SRL,100,search
2198,38855162,TOPMED INVEST LOGISTIC S.R.L.,100,search
2199,15069069,TOPMED SRL,100,search
2200,23490424,TOPMOTIVE S.R.L.,100,search
2201,11343640,TORDAI HAIR-COSMETICS SRL,100,search
2202,1213252,TORDAI IMPEX SRL,100,search
2203,25837148,TOTAL AGC PETRO-GAS SRL,100,search
2204,44795073,TOTAL PETRO-GAS CONSTRUCT S.R.L.,100,search
2205,29093695,TOTAL SPORT DISTRIBUTION SRL,100,search
2206,1198730,TOTH COMEL IMPEX SRL,100,search
2207,16310890,TOTH PEK SRL,100,search
2240,31032355,VALOR SMARTWASH SRL,100,search
2241,5048689,VALPADICOM SRL,100,search
2242,4275373,VALPET SA,100,search
2243,4026780,VANIA PRODCOM SRL,100,search
2244,1220411,VARROC ROMANIA S.A.,100,search
2245,43325545,VASSPETROL TANKER S.R.L.,100,search
2247,17005681,VECTOR CONSULT SERVICES SRL,100,search
2248,25629376,VELTADOORS S.A.,100,search
2249,34709610,VELTOL HOLDING SRL,100,search
2250,26060812,VERDI INDUSTRIAL CONSTRUCT S.R.L.,100,search
2251,12808477,VERDINVEST SRL,100,search
2252,25792968,VERTIQUAL ENGINEERING SRL,100,search
2253,17019172,VETA SRL,100,search
2254,15015778,VIA OIL PETROLEUM SRL,100,search
2256,17758655,VIESSMANN TRANSILVANIA SRL,100,search
2257,6593330,VIM SPECTRUM SRL,100,search
2258,1209103,VIOMOB IMPEX SRL,100,search
3,,,,
7,10372559,A-E ELECTRONICS SA,100,search
17,,,,
18,,,,
24,,,,
25,,,,
28,,,,
35,6268054,CROCO SRL,100,search
36,,,,
38,,,,
50,,,,
51,,,,
52,,,,
54,,,,
55,,,,
56,,,,
69,,,,
70,,,,
77,,,,
79,31994414,SA & PE CONSTRUCT SRL,100,search
91,,,,
107,,,,
123,,,,
125,,,,
131,622674,PROAGRO S.R.L.,100,search
134,17124453,SABCO-S SRL,100,search
135,,,,
138,6897461,SIMI IMPEX SRL,100,search
143,,,,
145,17782459,VULTURI SRL,100,search
147,,,,
151,2258503,APAN SRL,100,search
152,18431715,AVIMI SERV SRL,100,search
153,36769804,BLUE PROJECTS INDUSTRIES SRL,100,search
154,,,,
155,25395283,BRAICOOP COOPERATIVA AGRICOLĂ,100,search
156,14547831,CELLULAR ONE SRL,100,search
157,32644506,CHIMAGRI DISTRIBUTION SRL,100,search
158,12595352,CHIMAGRI SRL,100,search
159,5443785,COMISION TRADE SRL,100,search
160,7179966,COMPANIA DE UTILITATI PUBLICE DUNAREA BRAILA SA,100,search
161,2252764,CONCIVIA SA,100,search
162,9008296,DANIOFAN IMPEX SRL,100,search
163,32548363,ELDOMIR SRL,100,search
164,26712223,ETUFARM SRL,100,search
165,14590505,EURO BUILDING SRL,100,search
166,27818053,EZEAN GRAIN SRL,100,search
167,41451393,FLIP TECHNOLOGIES S.R.L.,100,search
168,6674176,FRONTERA TRADING SRL,100,search
169,37228866,GLORIOUS LIGHTING SRL,100,search
170,2265292,HERCULES SA,100,search
171,2267978,IRMEX SA,100,search
172,21381153,KAZUG SRL,100,search
173,23480757,LA MARITEC SRL,100,search
174,34705715,LOCKET BUCURESTI SRL,100,search
175,5512842,LOCKET TRADING SRL,100,search
176,,,,
177,10332082,MICATIS PROD SRL,100,search
178,2263348,ORIGINAL SERV SRL,100,search
179,14696612,PETROGAB IMPEX SRL,100,search
180,33294352,ROBMERY TRANS SRL,100,search
181,2251084,ROMNAV SA,100,search
182,,,,
183,16565524,SANDOMAR PAN SRL,100,search
184,,,,
185,,,,
186,5217087,SYLY COM SRL,100,search
187,11758273,TEHNICAL DENT SRL,100,search
188,22182663,TERMHIDRO SRL,100,search
189,11605016,TITAN EDILITARA SRL,100,search
190,17553897,XIMENA DISTRIBUTIE SRL,100,search
191,19213590,23 COMMUNICATIONS IDEAS SRL,100,search
192,16558004,2B INTELLIGENT SOFT SRL,100,search
193,7053681,A B INVESTITII SI CONSTRUCTII SRL,100,search
194,,,,
195,,,,
198,,,,
200,,,,
202,,,,
203,,,,
210,,,,
214,,,,
227,,,,
230,,,,
233,,,,
234,,,,
242,,,,
243,,,,
247,,,,
249,,,,
250,,,,
253,,,,
257,,,,
259,,,,
260,,,,
261,,,,
262,,,,
264,,,,
265,,,,
272,,,,
273,,,,
275,,,,
276,12610207,HOLCIM SRL,100,search
277,23261030,HOLLAND FARMING AGRO SRL,100,search
278,13943226,HOTELAIR SRL,100,search
279,14554103,HS TIMBER PRODUCTIONS S.R.L.,100,search
280,20567140,HUAWEI TECHNOLOGIES SRL,100,search
281,17051777,HUNTER DOUGLAS ROMANIA SRL,100,search
282,,,,
283,18746098,HV SHIELDING SRL,100,search
284,6104191,HYUNDAI AUTO ROMANIA SRL,100,search
285,18030748,IL MAESTRO SRL,100,search
286,2636536,IMEDICA SA,100,search
287,18115666,IMO-II PROPERTY INVESTMENTS SA,89.24590163934427,search
288,1571536,IMSAT SA,100,search
289,16674718,INFOMED FLUIDS SRL,100,search
290,,,,
291,,,,
292,7722930,INTERAGRO SA,100,search
293,6614930,INTERSTAR CHIM SA,100,search
294,4879159,INTRAROM SA,100,search
295,11703677,ISOVOLTA S.R.L.,100,search
296,10252617,ITALINOX ROMANIA SRL,100,search
297,36086534,IVANTI SOFTWARE ENGINEERING ROMANIA S.R.L.,91.09677419354838,search
298,,,,
299,3013838,IVCON SRL,100,search
300,,,,
301,28994570,JAZZ COMMUNICATION SRL,100,search
302,16563710,Jones Lang LaSalle Services SRL,100,search
303,4364012,JT INTERNATIONAL MANUFACTURING SA,100,search
304,18921652,JUMBO EC.R SRL,100,search
305,28508930,JUST MASTER ACTIVITIES SRL,100,search
306,401703,KANDIA DULCE SA,100,search
307,23533592,KARCHER ROMANIA SRL,100,search
308,15991149,KAUFLAND ROMANIA SCS,100,search
309,7104114,KEPLER - ROMINFO SA,100,search
310,16076943,KIA ROMAUTO SRL,100,search
311,,,,
312,,,,
313,,,,
314,15984958,KIWI FINANCE SRL,100,search
315,27516586,KMG ROMPETROL SRL,100,search
316,24527521,KNAUF INSULATION SRL,100,search
317,25307184,KNIGHT FRANK ROMANIA SRL,100,search
318,,,,
319,24083160,KUBIS INTERACTIVE SRL,100,search
321,,,,
323,,,,
325,,,,
326,,,,
329,,,,
330,,,,
335,,,,
340,,,,
341,,,,
342,,,,
349,,,,
353,,,,
358,,,,
363,,,,
366,,,,
367,,,,
368,,,,
371,,,,
372,22254794,PARFUMERIE DOUGLAS SRL,100,search
373,15475814,PASION SERVICE SRL,100,search
374,,,,
375,3102390,PAUL HARTMANN  SRL,100,search
376,21307815,PAYPOINT SERVICES SRL,100,search
377,23463080,PAYUP ROMANIA SA,100.0,search
378,,,,
379,46159102,PC CONSULTING&MANAGEMENT S.R.L.,100,search
380,21518626,PEEK & CLOPPENBURG SRL,100,search
381,26283130,PEGASUS ENGINEERING SRL,100,search
382,,,,
383,31477663,PEPCO RETAIL SRL,100,search
384,29936640,PERFECT CARE DISTRIBUTION SRL,100,search
385,,,,
386,16563680,PFIZER ROMANIA SRL,100,search
387,2593699,PHILIPS ROMANIA SRL,100,search
388,21314065,PHM COMSERV SRL,100,search
389,,,,
390,24230589,PINUM DOORS & WINDOWS SRL,100,search
391,18981735,PLANA-INNOVA SRL,100,search
392,36115095,PLENERG SRL,100,search
393,326318,POLICOLOR SA,100,search
394,21875513,POPP & ASOCIATII INGINERIE GEOTEHNICA SRL,100,search
395,,,,
396,16601724,Porr Construct SRL,100,search
397,,,,
398,40645170,PPC ADVANCED ENERGY SERVICES ROMANIA S.R.L.,100,search
399,24387371,PPC ENERGIE MUNTENIA S.A.,100,search
400,22000460,PPC ENERGIE S.A.,100,search
401,15034770,PPC RENEWABLES ROMANIA S.R.L.,100,search
402,3540951,PPG ROMÂNIA S.A.,100,search
403,11826513,PREMIUM LUBRICANTS S.A.,100,search
404,,,,
405,,,,
406,18694908,PRIMAVERA DEVELOPMENT SRL,100,search
407,,,,
408,3739440,PRIMO PROD SRL,100,search
409,18256010,PRIMUS AUTO SRL,100,search
410,12863862,PRINT GROUP SERV SRL,100,search
411,,,,
412,,,,
413,13362550,PROBSTDORFER SAATZUCHT ROMANIA SRL,100,search
414,1556536,PROCEMA IMOB S.R.L.,100,search
415,21178907,PROCESS SOLUTIONS SRL,100,search
416,14622194,ProCredit Bank SA,100,search
418,,,,
420,,,,
423,,,,
425,,,,
426,,,,
428,,,,
430,,,,
434,,,,
440,,,,
441,,,,
443,,,,
444,,,,
445,,,,
446,,,,
448,,,,
450,,,,
451,,,,
452,,,,
455,,,,
460,,,,
464,,,,
465,,,,
468,,,,
469,,,,
470,6039328,ROMKATEL SRL,100,search
471,12751583,ROMPETROL DOWNSTREAM SRL,100,search
472,,,,
473,5350597,ROMSTAL IMEX SRL,100,search
474,472771,ROMTEHNICA RA,90.95652173913044,search
475,,,,
476,1565534,ROTARY CONSTRUCTII SRL,100,search
477,31794718,ROVERE MOBILI S.R.L.,100,search
478,,,,
479,34593816,ROWE ROMANIA SALES AND DISTRIBUTION SRL,100,search
480,,,,
481,29478098,RUSTLER PROPERTY SERVICES RO SRL,98.33962264150944,search
482,16970446,S 800 CUSTOMER SERVICE PROVIDER SRL,100,search
483,,,,
484,5624471,SAFIR '94 IMPEX SRL,100,search
485,,,,
486,,,,
487,22694272,SAMSUNG ELECTRONICS ROMANIA SRL,100,search
488,12530000,SANADOR SRL,100,search
489,11147490,SANOFI ROMANIA SRL,100,search
490,3210015,SANTE INTERNATIONAL SA,100,search
491,18174280,SAP ROMANIA SRL,100,search
492,,,,
493,8468857,SARIS COM 96 SRL,100,search
494,17982104,SBR SOLETANCHE BACHY FUNDATII SRL,100,search
495,31424286,SCANDINAVIAN DESIGN HOUSE SRL,90.20689655172413,search
496,2595819,SCANDO TRADING SRL,100,search
497,33609400,SCDA INFRASTRUCTURA SRL,100,search
498,5905159,SCHENKER LOGISTICS ROMANIA S.A.,100,search
499,11530967,SCHINDLER ROMANIA SRL,100,search
500,17879754,SCHLUMBERGER ROMANIA S.R.L.,100,search
501,9189605,SCHNEIDER ELECTRIC ROMANIA SRL,100,search
502,12472120,SEA ROMANIA SRL,100,search
503,8978457,SECOM HEALTHCARE S.R.L.,100,search
504,12835501,SENTIENT SRL,100,search
505,13434907,SEPHORA COSMETICS ROMANIA S.A.,100,search
506,16780450,Servier Pharma SRL,100,search
507,27702511,SHOEBOX PRODUCT ROMANIA SRL,100,search
508,8184529,SIAD ROMANIA SRL,100,search
509,22177616,SIDEROM STEEL SRL,100,search
510,,,,
511,7614474,SIEMENS SRL,100,search
512,34715280,SIGNIFY ROMANIA S.R.L.,100,search
517,,,,
523,,,,
525,,,,
526,,,,
527,,,,
528,,,,
529,,,,
535,,,,
536,,,,
538,,,,
539,,,,
540,,,,
541,,,,
545,,,,
550,,,,
554,,,,
564,9864639,TECSA BUSINESS SRL,100,search
565,14793771,TEHNIC GROUP SAB - T.G.S. SRL,100,search
566,217930,TEHNO ELECTRO MEDICAL COMPANY SRL,100,search
567,11952970,TELEKOM ROMANIA MOBILE COMMUNICATIONS S.A.,100,search
568,,,,
569,14389359,TEMA ENERGY S.A.,100,search
570,21597794,TEMPERA ADVERTISING SRL,100,search
571,8247708,TEMPO ADVERTISING SRL,100,search
572,9995561,TEMPOS SERV SRL,100,search
573,30917561,TESARO KIT CONSTRUCT SRL,100,search
574,18766869,TEVA PHARMACEUTICALS SRL,100,search
575,,,,
576,32347181,THE PUBLIC ADVISORS S.R.L.,100,search
577,23923595,THINKDIGITAL INTERNET & ADVERTISING S.R.L.,100,search
578,18529951,TIMAC AGRO ROMANIA SRL,100,search
579,34620961,TINMAR ENERGY S.A.,100,search
580,11331727,TIRIAC AUTO SRL,100,search
581,,,,
582,335928,TITAN MASINI GRELE SA,100,search
583,,,,
584,16372256,TONICA GROUP SRL,100,search
585,23439928,TOP LINE EUROPA SRL,100,search
586,22568371,TOTAL PR BUSINESS SRL,100,search
587,8853097,TOYOTA MATERIAL HANDLING ROMANIA SRL,100,search
588,,,,
589,8694021,TRADEVILLE SA,100,search
590,18085719,TRANS AGROPRODUCT SRL,100,search
591,,,,
592,16976082,TRANSENERGO COM SA,100,search
593,,,,
594,25052510,TRIDENT PHARMA SRL,100,search
595,15301079,TRUST MOTORS SRL,100,search
596,37992692,TRUSTUL DE CLĂDIRI METROPOLITANE BUCUREŞTI S.A.,90.48648648648648,search
597,,,,
598,34737997,UIPATH SRL,100,search
599,26302223,UNGER STEEL BUILDINGS SRL,100,search
600,,,,
601,,,,
602,,,,
603,,,,
604,18286690,UNITED MEDIA SERVICES SRL,100,search
605,,,,
606,18530174,UNIVERSAL SOLUTION SRL,100,search
607,,,,
608,,,,
610,,,,
613,,,,
615,,,,
618,,,,
619,,,,
629,,,,
631,,,,
632,,,,
634,,,,
637,,,,
639,,,,
640,,,,
646,,,,
647,,,,
650,,,,
652,,,,
654,,,,
660,2893980,ADA PROD COM SRL,100,search
661,,,,
662,,,,
663,,,,
664,6528510,AGIS COMPUTER SRL,100,search
665,33808062,AGO PROIECT ENGINEERING SRL,100,search
666,9343479,AGRESSIONE GROUP SA,100,search
667,29937018,AGRILEX W & D SRL,100,search
668,17729536,AGRO COSM FAN SRL,100,search
669,11291045,AROBS TRANSILVANIA SOFTWARE S.A.,100,search
670,28886323,AROSA INDUSTRIES SRL,100,search
671,15997630,ARTSOFT CONSULT SRL,100,search
672,,,,
673,13711692,ASENA SRL,100,search
674,,,,
675,28533291,ASTECO MEDICAL SRL,100,search
676,2885022,ATEX COMPUTER SRL,100,search
677,16884795,AUTHENTIC SPIRIT SRL,100,search
678,225615,AUTOWORLD SRL,100,search
679,,,,
680,6818298,AX PERPETUUM IMPEX SRL,100,search
681,12096743,AXA DOI SRL,100,search
682,29175973,BALADEI THIRDWAY TRANSPORT SRL,100,search
683,5022670,BANCA TRANSILVANIA SA,100,search
684,17642722,BIS SOFT SRL,100,search
685,19746592,BLACOS SRL,100,search
686,24770066,BLADE SOLUTIONS SRL,100,search
687,31138322,BLITZ NETWORK S.A.,100,search
688,,,,
689,,,,
690,228824,BONAS IMPORT EXPORT S.A.,100,search
691,7180367,BRANTNER SERVICII ECOLOGICE SRL,100,search
692,22577310,BRAVINVEST SRL,100,search
693,201535,CARBOCHIM SA,100,search
694,23666661,CARDIOMED SRL,100,search
695,6839002,CARMIC IMPEX SRL,100,search
696,,,,
697,26243542,CARRION EXPEDITION SRL,100,search
698,17412855,CC SAS SRL,100,search
699,,,,
700,,,,
701,,,,
702,16369218,CENTRUL AGRO TRANSILVANIA CLUJ SA,94.9090909090909,search
703,29829334,CENTRUL DE EXCELENTA MEDESTET SRL,100,search
704,,,,
705,,,,
706,,,,
709,,,,
711,,,,
712,,,,
713,,,,
717,,,,
718,,,,
719,,,,
721,,,,
723,,,,
731,,,,
732,,,,
738,,,,
741,,,,
742,,,,
745,,,,
759,15358857,ENGLMAYER ROMANIA SRL,91.17948717948718,search
760,16948082,ENSYRO SRL,100,search
761,7637516,EST COMPANY ROM IMPEX SRL,100,search
762,29357401,EURO FLEET TRANSPORTS SRL,100,search
763,14266933,EURO GSM IMPEX SRL,94.32258064516128,search
764,19746606,EUROPA BUSINESS CENTER SRL,100,search
765,21480661,EUROPEAN FABRICATIONS SRL,100,search
766,10195899,EUROTREND SRL,100,search
767,6654594,EVEREST PRODSERV SRL,100,search
768,18024002,EVOZON SYSTEMS SRL,100,search
769,,,,
770,31957858,EXPLOITDANEASA SRL,100,search
771,213629,EXTRACTE NATURALE NATEX SRL,100,search
772,,,,
773,14329586,FANUCA SRL,94.9090909090909,search
774,199150,FARMEC SA,100,search
775,37835680,FBD SUPPLY SOLUTIONS S.R.L.,100,search
776,,,,
777,32126849,FEH ENERGY SRL,100,search
778,199109,FELINVEST SA,100,search
779,,,,
780,,,,
781,,,,
782,17113233,FINDER ECHIPAMENTE SRL,100,search
783,16841182,FIRST TECHNOLOGY SRL,100,search
784,27276157,FLOR APARTMENTS SRL,100,search
785,41037970,FORTECH BUSINESS DEVELOPMENT S.R.L.,100,search
786,,,,
787,33770766,FRANKISCHE ROMANIA SRL,100,search
788,,,,
789,,,,
790,,,,
791,14650690,G 5 CONSULTING SRL,100,search
792,32339715,GAMA SOFTWARE SRL,100,search
793,38046226,GAMEMINE SRL,100,search
794,18850101,GARMIN CLUJ SRL,100,search
795,34280240,GCB CONS & FIN SRL,100,search
796,17834639,GD MASINI DE RIDICAT SRL,100,search
797,15099337,GEA REFRIGERATION ROMANIA SRL,100,search
798,20685049,GELLA INVEST SRL,100,search
799,11160619,GENERAL SECURITY SRL,100,search
800,,,,
801,27738876,GEOMANT SRL,100,search
802,,,,
803,23580128,GOODWILL CONSULTING GWC SRL,100,search
804,19105741,GORMET SRL,100,search
807,,,,
810,,,,
811,,,,
816,,,,
819,,,,
824,,,,
829,,,,
831,,,,
833,,,,
835,,,,
836,,,,
841,,,,
845,,,,
846,,,,
861,,,,
863,16430012,MEDIMAGES SRL,100,search
864,15190728,MEDISPROF SRL,100,search
865,36964392,MEGALOC IMOB SRL,100,search
866,5227617,MEGAMIX COMIMPEX SRL,100,search
867,35350386,METALICPLAS ACTIV S.A.,100,search
868,,,,
869,31116936,MFM CONSTRUCT SRL,100,search
870,32675812,MHP CONSULTING ROMANIA SRL,100,search
871,6654160,MIB PRODCOM SRL,100,search
872,30089507,MIRACULICS MEDIA SRL,100,search
873,18360975,MMM AUTOPARTS SRL,100,search
874,9338154,MOBILE DISTRIBUTION SRL,100,search
875,16170788,MODULO DECORATIVE SOLUTIONS SRL,100,search
876,,,,
877,6224937,MOLDOVAN CARMANGERIE S.R.L.,97.02325581395348,search
878,,,,
879,3879622,MOST SERV SRL,100,search
880,2872367,MOTILOR SRL,100,search
881,25456038,MR DENTALMED SRL,100,search
882,24415960,MSG SYSTEMS ROMÂNIA SRL,100,search
883,,,,
884,27347355,NADI AGRO SRL,100,search
885,,,,
886,,,,
887,,,,
888,8939059,NASTIMED SERV SRL,100,search
889,29104220,NEOMEQ S.R.L.,100,search
890,4744402,NEON PRODUCT SRL,100,search
891,17884270,NERVIA SRL,100,search
892,5800900,NET BRINEL SA,100,search
893,,,,
894,31868378,NEWAMPORT ASFALT SRL,100,search
895,6207901,NORA LY AGROSERV SRL,100,search
896,201900,NORD CONFOREST SA,100,search
897,24489428,NORSTAL SRL,100,search
898,18680651,NOVA POWER & GAS S.A.,100,search
899,25860825,NOVASERVIS FERRO GROUP SRL,100,search
900,,,,
901,16905391,NUEVO CONSTRUCT SRL,100,search
902,,,,
903,216510,ONCOS SA,100,search
904,,,,
905,,,,
906,,,,
907,,,,
908,32990429,PAD INVEST SRL,100,search
909,4844886,PANEMAR MORARIT SI PANIFICATIE SRL,100,search
910,,,,
911,,,,
914,,,,
922,,,,
924,,,,
930,,,,
932,,,,
939,,,,
949,,,,
950,,,,
952,,,,
959,,,,
965,,,,
966,202123,SINTEROM SA,100,search
967,21756040,SKIPTRANS SRL,100,search
968,,,,
969,11358358,SOFTECH SRL,100,search
970,17273854,SOFTINGROM SRL,100,search
971,,,,
972,,,,
973,,,,
974,202131,SOMEG GHERLA SA,100,search
975,5773414,SOMESUL CALD PRODUCTIE SRL,100,search
976,,,,
977,32137422,SOPHIA BUSINESS CAPITAL SRL,100,search
978,199745,SORTILEMN SA,100,search
979,29181916,STEELCASE SRL,100,search
980,27681974,STORM LOGISTIC SRL,100,search
981,15500551,STUDIUM GREEN SRL,100,search
982,21035150,SUCIU ANR SRL,100,search
983,7096283,SUNIMPROF ROTTAPRINT SRL,100,search
984,,,,
985,,,,
986,28635968,TAKE OFF LABS  SRL,100.0,search
987,,,,
988,199141,TCI CONTRACTOR GENERAL SA,100,search
989,32971419,TEC SOFTWARE SOLUTIONS SRL,100,search
990,13776454,TECHNIC GLASS SRL,100,search
991,10847437,TEHNOAGRO SRL,100,search
992,7247289,TEHNOFAVORIT SA,100,search
993,24692480,TELENAV SOFTWARE SRL,100,search
994,21663251,TELLUS INVEST SRL,100,search
995,199036,TERAPIA SA,100,search
996,,,,
997,16265896,TERAX SRL,100,search
998,,,,
999,25206805,TERRA HABITAT SRL,100,search
1000,18263913,TERRA STRUCTURES SRL,100,search
1001,,,,
1002,245817,TIGER SOMES IMPEX SA,100,search
1003,,,,
1004,4289352,TOP MARKET COMIMPEX SRL,100,search
1005,,,,
1006,6882371,TOTAL QUALITY CONS SRL,100,search
1007,22116694,TRANS SESE SRL,100,search
1008,205529,TRANSART SRL,100,search
1009,8231230,TRANSCARPATICA SA,100,search
1010,15633191,TRANSFEROVIAR GRUP SA,100,search
1011,199044,TRANSILVANIA CONSTRUCTII SA,100,search
1012,10823101,TRANSINVEST SRL,100,search
1015,,,,
1017,,,,
1018,,,,
1019,,,,
1020,,,,
1021,,,,
1022,,,,
1023,,,,
1024,,,,
1025,,,,
1027,,,,
1028,,,,
1031,,,,
1033,,,,
1040,,,,
1044,,,,
1048,,,,
1049,,,,
1056,,,,
1057,,,,
1059,,,,
1060,1644670,REGIA AUTONOMĂ ”ADMINISTRAȚIA FLUVIALĂ A DUNĂRII DE JOS” GALAȚI,93.0909090909091,search
1061,33979577,ADO DISTRICONSULT SRL,100,search
1062,32849951,AGROMYSMONI SRL,100,search
1063,,,,
1064,8574866,ALMERA INTERNATIONAL SRL,100,search
1065,46249647,AMMA DANUBE TRADE S.R.L.,100,search
1066,,,,
1067,,,,
1068,16914128,APA CANAL SA,100,search
1069,5340801,ARABESQUE SRL,100,search
1070,5437520,ARCADA COMPANY SA,100,search
1071,15073752,ARCIF AG SRL,100,search
1072,17666837,AUTOGARA METROPOLI SRL,100,search
1073,3814038,BABY STAR COM - IMPEX SRL,100,search
1074,,,,
1075,,,,
1076,12541328,BENZENPEC IMPORT EXPORT SRL,100,search
1077,24973664,BRIALBET SRL,100,search
1078,12596161,BULROM PETROLEUM SRL,100,search
1079,11354240,CARUL CU BERE 95 SRL,100,search
1080,7436636,CENTRICO SELIR S.R.L.,100,search
1081,35468749,CHESCA SPEDITION SRL,100,search
1082,13808750,CHORUS RESEARCH ENGINEERING DISTRIBUTION S.R.L.,100,search
1083,16382438,CIPSOR CONSTRUCT SRL,100,search
1084,1634561,CITADINA 98 SA,100,search
1085,17658362,CITY GAS SRL,100,search
1086,23862943,CLM TRANS SRL,100,search
1087,1628144,COMBAVIPOR SA,100,search
1088,1639097,COMPANIA DE NAVIGATIE FLUVIALA ROMANA NAVROM SA,99.23809523809523,search
1089,5668427,CRIOMEC SA,100,search
1090,22291326,DAVIDE CONSTRUCT SRL,100,search
1091,13407899,DEMCAR 2000 SRL,100,search
1092,28881164,DICOR LAND SRL,100,search
1093,,,,
1094,8536927,DOLADELA COMPANY SRL,100,search
1095,16738587,DYNAMIC SELLING GROUP S.A.,100,search
1096,26538870,ECO-METAL RECYCLING SRL,100,search
1097,9927150,EUXIN SRL,100,search
1098,31195069,EW LOGISTICS EXPRESS SRL,100,search
1099,10256899,FIERCTC SIBEL SRL,100,search
1100,25026510,FRANCU ROMANIA S.R.L.,100,search
1101,21286399,GENDAV SRL,100,search
1102,33844286,GRANDE GLORIA PRODUCTION S.A.,100,search
1103,18369206,ICEPRONAV ENGINEERING SRL,100,search
1104,40484953,IMEX MET COLECT DEȘEURI S.R.L.,100,search
1105,,,,
1106,29926728,IULICRIS RECYCLING SRL,100,search
1107,,,,
1128,,,,
1135,,,,
1137,,,,
1145,,,,
1150,,,,
1151,,,,
1155,,,,
1164,19020750,AUTO MARKET SRL,100,search
1166,6500293,AVA STAR SRL,100,search
1167,6788073,AVATTI INDUSTRIES SRL,100,search
1168,14327259,AVI-TOP SA,100,search
1169,21317541,AVIS TRANS SRL,100,search
1170,12908832,AXA FARM SRL,100,search
1171,14050297,BASWARE SRL,100,search
1172,19156079,BCC AGREGATE BETOANE SRL,100,search
1173,26360267,BIO FERMA AGRICOLĂ SRL,100,search
1174,22397069,BMT AEROSPACE ROMÂNIA SRL,100,search
1175,1989343,BRIKSTON CONSTRUCTION SOLUTIONS S.A.,100,search
1176,18697025,BRIO GROUP SRL,100,search
1177,41108353,BRIO INVESTMENT CEREALE S.R.L.,100,search
1178,36319770,BSG INVEST OIL SRL,100,search
1179,14238267,BUILD CORP SRL,100,search
1180,18586086,CARETTA SRL,100,search
1181,,,,
1182,26087338,CASA AUTO LEŢCANI SRL,100,search
1183,8885439,CASA AUTO SRL,100,search
1184,3206081,CASREP SRL,100,search
1185,5885051,CATENA SRL,100,search
1186,,,,
1187,,,,
1188,,,,
1189,15946407,CITADIN SA,100,search
1190,13572870,CLIMA THERM CENTER SRL,100,search
1191,15957724,COBYUL SRL,100,search
1192,11806869,COLECT METAL SRL,100,search
1193,32175213,COMPANIA DE TRANSPORT PUBLIC IAŞI  S.A.,100,search
1194,26094688,CONDUENT BUSINESS SERVICES ROMANIA SRL,100,search
1195,39440961,CONEST DACIA RESIDENCE S.R.L.,100,search
1196,1959695,CONEST SA,100,search
1197,16019310,CONEX DISTRIBUTION SA,100,search
1198,34511999,CONSYS INTERNATIONAL SRL,100,search
1199,1960495,COTNARI SRL,100,search
1200,,,,
1201,40321026,CRAMELE COTNARI S.A.,100,search
1202,,,,
1203,17749762,DAROCONSTRUCT SRL,100,search
1204,,,,
1205,33088344,DEMO-IDIL CONSTRUCT SRL,100,search
1206,34570162,DEMO STRADE GROUP AG S.R.L.,100,search
1207,13038589,DEROM DENTAL INTERNATIONAL SRL,100,search
1208,45323290,DETENTE SOLUTIONS S.R.L.,100,search
1209,13830820,DR. DOBREA CLINIC SRL,100,search
1210,,,,
1211,1996928,ELECTROPUTERE VFU PAŞCANI S.A.,100,search
1212,28139310,ELEMATIS TECH SRL,100,search
1224,,,,
1229,,,,
1240,,,,
1244,,,,
1256,,,,
1261,13591928,PHARMA SA,100,search
1271,,,,
1272,,,,
1273,6551041,ROMPAK SRL,100,search
1274,34527766,ROSTOC DEAL SRL,100,search
1275,30888890,ROYAL AMEX SRL,100,search
1276,13569610,RUTILLI ADOLFO SRL,100,search
1277,14816433,SALUBRIS SA,100,search
1278,6607738,SANDRA TRADING SRL,100,search
1279,,,,
1280,27277063,SERVICII PUBLICE IAŞI SA,100,search
1281,36985115,SIGNANT HEALTH S.R.L.,100,search
1282,37378154,SIGNIVIS SRL,100,search
1283,30626899,SIOROM SRL,100,search
1284,36533950,SNACK-TRADE SRL,100,search
1285,39864134,SUNRISE MOTORS S.R.L.,100,search
1286,,,,
1287,,,,
1288,27975244,ŢIGLĂ TONMIR SRL,100,search
1289,40522615,TOKYO MOTORS S.R.L.,100,search
1290,25873523,TRANS OIL MOTORS SRL,100,search
1291,,,,
1292,,,,
1293,3205116,USI365 DEVELOPMENT S.R.L.,100,search
1294,8818081,VATICIP ADY SRL,100,search
1295,30740124,VETRO SOLUTIONS S.A.,100,search
1296,1997524,VIOSAND TRICOTEXT SRL,100,search
1297,8723151,ZEELANDIA SRL,100,search
1298,37836928,ZOORK S.R.L.,100,search
1299,,,,
1300,,,,
1301,,,,
1302,,,,
1303,,,,
1304,,,,
1305,,,,
1306,24087854,KALLAS ROMANIA S.R.L.,100,search
1307,,,,
1308,,,,
1309,,,,
1310,,,,
1311,,,,
1312,,,,
1313,,,,
1315,,,,
1319,,,,
1326,,,,
1332,,,,
1339,,,,
1343,,,,
1347,,,,
1350,,,,
1352,1276366,AGRO PROD COM DOSA SRL,100,search
1353,18297290,AGRO ROM IMPEX SRL,100,search
1354,29234131,AGROFIL COM SRL,100,search
1355,31278768,AGROGEEA PRODUCT SRL,100,search
1356,37258719,AGROGREEN CONCEPT SRL,100,search
1357,26982375,AGROLEG VARO SRL,100,search
1358,,,,
1359,29896864,AGROPREST PRODCOM SRL,100,search
1360,,,,
1361,14329900,AGROSEN TG-MUREȘ S.R.L.,100,search
1362,17515699,AGROSPRINT SRL,100,search
1363,,,,
1364,13033778,AKSD ROMANIA SRL,100,search
1365,,,,
1366,3446335,ALCORA PROD SRL,100,search
1367,42707040,ALDOMOL REDNAX SHOP S.R.L.,100,search
1368,36253497,ALEGURD EXPEDITION SRL,100,search
1369,14428156,ALEXTRANS SRL,100,search
1370,34372645,ALIAT AMS SRL,100,search
1371,12976756,ALIAT AUTO SRL,100,search
1372,26506649,ALIAT MOTORS SRL,100,search
1373,33896439,ALIN TOP INOX SRL,100,search
1374,18247861,ALL TIN SRL,100,search
1375,,,,
1376,,,,
1377,,,,
1378,6626276,ALLSTAR PROD SRL,100,search
1379,17825819,ALMAMET SRL,100,search
1380,32975240,ALPHA PARTNER SECURITY SRL,100,search
1381,3258536,ALPROD SRL,100,search
1382,47891350,ALTE GROUP S.R.L.,100,search
1383,,,,
1384,,,,
1385,7718998,AMANITA FARM SRL,100,search
1386,24738731,AMARIS PHARM SRL,100,search
1387,,,,
1392,,,,
1393,4619329,ANDREI TRANS SRL,100,search
1400,,,,
1410,,,,
1411,,,,
1421,,,,
1423,,,,
1424,,,,
1425,20169480,AXIA MEDICAL SRL,100,search
1426,3447233,AZIMUT COM SRL,100,search
1427,1200490,AZOMURES SA,100,search
1428,28788473,AZOTRANS SRL,100,search
1429,40780380,B2B SYNERGY S.R.L.,100,search
1430,,,,
1431,,,,
1432,6753350,BAILE SARATE SRL,100,search
1433,13805274,BALINT TRANS SRL,100,search
1434,,,,
1435,37080424,BALORMAN ROMANIA SRL,100,search
1436,16310903,BARBETRANS SRL,100,search
1437,9296539,BARCSA SERVICE SRL,100,search
1438,9492373,BARTROM EXIM SRL,100,search
1439,36920450,BAU DOM INVEST SRL,100,search
1440,7907857,BAUKNECHT COM SRL,100,search
1441,3445992,BAVARIA IMPEX SRL,100,search
1442,39708950,BBM OUTDOORS S.R.L.,100,search
1443,25656087,BENUTI COMPANY SRL,100,search
1444,31246804,BERATI DISCOUNT SRL,100,search
1445,26634672,BERES PHARMA SRL,100,search
1446,,,,
1447,15571420,BERLATI SRL,100,search
1448,27661233,BESTJOBS RECRUTARE SA,100,search
1449,36875104,BHATZLACHA DREIDEL EUROPE SRL,100,search
1450,,,,
1451,,,,
1452,9066270,BILY TRANS SRL,100,search
1453,26406593,BIO AQUA GROUP SRL,100,search
1460,,,,
1463,,,,
1464,,,,
1465,,,,
1469,,,,
1473,,,,
1476,,,,
1479,,,,
1487,,,,
1488,,,,
1490,33489818,CARMACO AGRO SRL,100,search
1491,13094210,CARNICOMP SRL,100,search
1492,1221174,CARO COMP SRL,100,search
1493,4998133,CAROLTEX IMPEX SRL,100,search
1494,30298252,CASA PETRINA SRL,100,search
1495,43350689,CASE ASPHALT S.R.L.,100,search
1496,25764399,CATALONIA INOX SRL,100,search
1497,14544908,CATTUS SRL,100,search
1498,25956114,CENTRUL DE FORAJE PENTRU INFRASTRUCTURA S.A.,100,search
1499,25479783,CENTRUL GENERAL DE ARHIVARE SRL,100,search
1500,6781938,CENTRUL MEDICAL TOPMED SRL,100,search
1501,,,,
1502,,,,
1503,26899130,CEREALAND SRL,100,search
1504,,,,
1505,46124597,CEZOTI FRUCT S.R.L.,100,search
1506,15768687,CFP CONSTRUCT SRL,100,search
1507,7687140,CHARTER TRANS AIR AGENCY SRL,100,search
1508,14063688,CHESPA TRANSILVANIA SRL,100,search
1509,1217009,CIE MATRICON SA,100,search
1510,1210493,CIS GAZ SA,100,search
1511,31711844,CIS GAZ SERVICII SRL,100,search
1512,7774378,CITADIN PREST SA,100,search
1513,5370225,CITY AUTOMOBILE S.R.L.,100,search
1514,27209875,CLAU SI ROMANA TRANS SRL,100,search
1515,1241791,CLAUBIS PROD COM IMPEX SRL,100,search
1516,25261346,CLEANIKA S.R.L.,100,search
1517,18135175,CLEANTECH2003 SRL,100,search
1518,3102218,CLINI LAB SRL,100,search
1519,33498417,CN UNICAT SRL,100,search
1520,42068729,COBINET S.R.L.,100,search
1521,27030020,COFIT CONSTRUCT SRL,100,search
1522,19125269,COLOR EXPERT RO SRL,100,search
1523,1227045,COM ADRANDI SRL,100,search
1524,,,,
1525,,,,
1526,,,,
1543,,,,
1557,,,,
1558,,,,
1564,15800338,DANBORCOM SRL,100,search
1565,,,,
1566,,,,
1567,40613489,DANYVAS AUTOTOTAL S.R.L.,100,search
1568,23067654,DARALEX TRANS SRL,100,search
1569,5641421,DARINA COM SRL,100,search
1570,32425298,DAVDESIGN & MOBILA SRL,100,search
1571,13673670,DAW BENTA ROMANIA SRL,100,search
1572,24233976,DEALER ITALIA SRL,100,search
1573,38844104,DEDRALEX SOLAR ENERGY S.R.L.,100,search
1574,1220373,DEKOTEX SRL,100,search
1575,13422384,DELASON SRL,100,search
1576,10976687,DELGAZ GRID S.A.,100,search
1577,9390420,DELTATHERM SRL,100,search
1578,14443296,DEMICONS SRL,100,search
1579,34016516,DENCAR GAL SRL,100,search
1580,19113094,DENTALTOP SRL,100,search
1581,27050469,DEPALMUR SRL,100,search
1582,14774109,DEPOMURES SA,100,search
1583,24324462,DETERLIFE SRL,100,search
1584,,,,
1585,35137583,DIALIN AGA S.R.L.,100,search
1586,14537285,DIANA TRANS SRL,100,search
1587,28226734,DIANA TRUCK & TRAVEL SRL,100,search
1588,18741902,DIEGO MS SRL,100,search
1589,,,,
1590,17003885,DOCKYARD ISLANDS SRL,100,search
1591,40009653,DODOGLASS PLAST S.R.L.,100,search
1592,18762174,DOMINANT ELECTRIC SRL,100,search
1593,15920709,DONNA DORIANA SRL,100,search
1603,,,,
1604,,,,
1605,,,,
1627,,,,
1629,,,,
1633,29093660,ENERGENTA POLYMERS SRL,100,search
1634,25517429,ENERGO ELECTRIC SRL,100,search
1635,14014189,ENERGO TERM INVEST SRL,100,search
1636,25014761,ENERGY STAR SRL,100,search
1637,29141458,ENERGY TECH ENTERA S.R.L.,100,search
1638,47449457,ENERGY TUBE S.R.L.,100,search
1639,28171469,ENERTRI SRL,100,search
1640,37664121,ENESA SOLAR TEHNOLOGY SRL,100,search
1641,13857753,EPS THERMOPOR SRL,100,search
1642,4619272,ERIVAN IMPEX SRL,100,search
1643,,,,
1644,,,,
1645,37430139,EU SELECT CARS SRL,100,search
1646,26557103,EURO GAS SYSTEMS SRL,100,search
1647,16449198,EURO GROUP SCHASSBURG SRL,100,search
1648,14953201,EURO NARCIS SRL,100,search
1649,21456566,EURO PATI SRL,100,search
1650,16256090,EUROMINERVA SRL,100,search
1651,29005740,EUROPIGLETS BAND SRL,100,search
1652,33757570,EUROPLAST BLOW INJECTION SRL,100,search
1653,23739780,EUROPTICA SRL,100,search
1654,,,,
1655,,,,
1656,33634918,EVENTUS COM CONSTRUCT SRL,100,search
1657,31611128,EVER GREEN CONSTRUCTII SRL,100,search
1658,13377690,EVORA CENTER SRL,100,search
1659,23662635,EXCALIBUR SRL,100,search
1660,13958065,EXCELO MILK SRL,100,search
1661,,,,
1662,,,,
1663,30395425,EXPERT CONTRACTING SRL,100,search
1664,22129422,EXPERT IT SRL,100,search
1666,,,,
1675,,,,
1693,,,,
1705,3563602,FORIS COMPANY IMPEX SRL,100,search
1706,15757939,FORUM INDUSTRY SRL,100,search
1707,11684940,FRAMO ROMÂNIA SRL,100,search
1708,26070298,FTS MEUBLE SRL,100,search
1709,10249638,GAL OCTA INVEST SRL,100,search
1710,4375305,GALEX GENCOM SRL,100,search
1711,36455020,GANADOS SĂLĂGEAN SRL,100,search
1712,10518140,GARDEN SERVICE ANTICOMESTIERE SRL,100,search
1713,29368672,GASTROMETAL SRL,100,search
1714,37770718,GDIM RAPID SRL,100,search
1715,17275421,GECODENT SRL,100,search
1716,1200929,GEDEON RICHTER ROMANIA SA,100,search
1717,8844358,GEIGER TRANSILVANIA SRL,100,search
1718,,,,
1719,36305723,GENIDAV MOB SRL,100,search
1720,34010238,GEOLUC CONSTRUCT SRL,100,search
1721,34477510,GEPO GAS SRL,100,search
1722,29545650,GIGANTI OIL SRL,100,search
1723,12871741,GLIGA COMPANIES SA,100,search
1724,6626942,GLIGA INSTRUMENTE MUZICALE SA,100,search
1725,26340510,GLOBAL ART PRODUCTION SRL,100,search
1726,31017460,GLOBAL LICENCE SRL,100,search
1727,30725914,GLODENI ENERGY SRL,100,search
1728,1235803,GRALEMN JUNIOR SRL,100,search
1729,1208434,GRAND SA,100,search
1730,13620152,GREBTRANS SRL,100,search
1731,39451502,GREEN FLOW INSTAL S.R.L.,100,search
1732,35935550,GREEN TRUFFLES SRL,100,search
1733,38253400,GREEN  XPC SRL,100,search
1734,15524704,GRIMAVAS IMPEX SRL,100,search
1738,,,,
1740,,,,
1744,,,,
1745,,,,
1747,,,,
1755,,,,
1757,1235579,HORA SA,100,search
1761,,,,
1769,,,,
1773,18528743,INDUTEX ROMANIA S.R.L.,100,search
1774,10199106,INFMED SRL,100,search
1775,1218705,INGRICOP SRL,100,search
1776,21783827,INRECO REMIX SRL,100,search
1777,,,,
1778,,,,
1779,10693044,INSTALDI SRL,100,search
1780,17023700,INSTEL SRL,100,search
1781,14158745,INSTGAZ SRL,100,search
1782,36983327,INTARO INSURANCE SERVICES S.A.,100,search
1783,26060847,INTERCARN DISTRIBUTION SRL,100,search
1784,22883115,INTERCERAM SRL,100,search
1785,4275950,INTERCOOP SRL,100,search
1786,1221719,INTERNATIONAL TRANSPORT AUTO SA,100,search
1787,14552862,INTERTRANS DAN SRL,100,search
1788,11411842,INTRA SERV SRL,100,search
1789,,,,
1790,18951610,IONE & CRIS SRL,100,search
1791,1235170,IRUM SA,100,search
1792,5076310,ISTRATE SERVPROD SRL,100,search
1793,24178103,ISTY&LEVY SRL,100,search
1794,31464108,IVM IANAREX SRL,100,search
1795,1219905,IZOPROD M.S. SRL,100,search
1796,23933998,JABS GLODENI S.R.L.,100,search
1797,38700427,JOEM PAN S.R.L.,100,search
1798,29229739,JUSTICE SECURITY SERVICES SRL,100,search
1799,17377723,KACSO TRANS SRL,100,search
1800,3100462,KAMI ROOF CONSTRUCT SRL,100,search
1801,5076034,KAPUSI IMPEX SRL,100,search
1802,1235668,KASTAMONU ROMANIA SA,100,search
1803,21620340,KATAN CONSULTING SRL,100,search
1804,18085263,KATIBI SYSTEM SRL,100,search
1805,34727098,KEN DRY FOOD TRADING SRL,100,search
1806,17979095,KERN LIEBERS CARPATIA SCS,100,search
1807,35830945,KERSIA ROMANIA S.R.L.,100,search
1842,,,,
1844,23861212,MACO CONSTRUCT SRL,100,search
1845,47616547,MACO SOLAR S.R.L.,100,search
1846,,,,
1847,17718375,MAGNATECH SRL,100,search
1848,41665150,MAGNETIC POWER S.R.L.,100,search
1849,45219516,MAIA SISTERS TRADE S.R.L.,100,search
1850,3445712,MAIER COMPLEX SRL,100,search
1851,18538615,MALU INDUSTRY SRL,100,search
1852,37749562,MAMMA MOOD CATERING S.R.L.,100,search
1853,26853397,MAMMOTH TYRES SRL,100,search
1854,,,,
1855,17465205,MANSART CORPORATE SRL,100,search
1856,30502580,MAPCOM LOGISTIK SRL,100,search
1857,,,,
1858,,,,
1859,34970070,MARCELINY CMR SRL,100,search
1860,23131587,MAREX TRANS SRL,100,search
1861,33095767,MARI GO OCTA 2014 SRL,100,search
1862,14407285,MARIANTHERM SRL,100,search
1863,19248490,MARIS PROD CARM SRL,100,search
1864,,,,
1865,25837199,MARKID TRANS SRL,100,search
1866,,,,
1867,35653800,MARPLAST WEST SRL,100,search
1868,15963777,MARPLUS SRL,100,search
1869,14663313,MARSOROM SRL,100,search
1870,3388005,MARVI COM SERVICE SRL,100,search
1871,,,,
1872,27885826,MATEROM AUTO EXPERT S.R.L.,100,search
1873,26462240,MATEROM AUTOMOBILE S.R.L.,100,search
1874,3800571,MATEROM AUTOMOTIVE SRL,100,search
1875,10302235,MATEROM SRL,100,search
1876,36822908,MAURER IMOBILIARE MUREȘ S.R.L.,100,search
1877,,,,
1878,6334018,MAVIPROD SRL,100,search
1879,,,,
1880,,,,
1884,13261261,MEDIA MARKETING SRL,100,search
1895,1262913,MIF SA,100,search
1896,,,,
1897,,,,
1901,,,,
1904,1222544,MOBEX SA,100,search
1912,28201659,MONING SRL,100,search
1913,21760076,MONOSUISSE RO SRL,100,search
1914,,,,
1915,29698638,MOTO E MOTION SRL,100,search
1916,,,,
1917,26749451,MRG FATADE SRL,100,search
1918,15201606,MS SPECIAL PROJECTS & TRANSPORTS S.R.L.,100,search
1919,31838822,MULTIBET TRANSILVANIA SRL,100,search
1920,17393176,MULTINVEST AG-ANTREPRENORIAT GENERAL SRL,100,search
1921,6348838,MULTINVEST SRL,100,search
1922,6380103,MULTIPLAN ELECTRONICS SRL,100,search
1923,18546820,MULTIPRACTIC SRL,100,search
1924,38220976,MURES HEALTHCARE GROUP S.R.L.,100,search
1925,16143201,MURES HIDRAULICI SRL,100,search
1926,,,,
1927,,,,
1928,29329134,MURESEXPEDITII TRANS SRL,100,search
1929,8575268,MURI BENZ OIL SRL,100,search
1930,1196607,MURICOM SRL,100,search
1931,,,,
1932,1212567,NAKITA PROD COMIMPEX SRL,100,search
1933,1209219,NAPA IMPEX SRL,100,search
1934,47035013,NARIDA HORECA S.R.L.,100,search
1935,,,,
1936,18433066,NEGRO CONSTRUCT SRL,100,search
1937,16523243,NELMARC SRL,100,search
1938,,,,
1939,16844260,NEON & SIGN SRL,100,search
1940,17347730,NET CONF SRL,100,search
1941,20830840,NET ICE DISTRIBUTION SRL,92.88888888888889,search
1942,,,,
1943,36483933,NEXON DYNAMIC CORPORATION SRL,100,search
1944,21700279,NEXTLAN SRL,100,search
1945,6564742,NICODENISS TRANS SRL,100,search
1962,,,,
1969,,,,
1988,45382245,PARTS BY TESSA S.R.L.,100,search
1989,8837512,PASIFLORA FARM SRL,100,search
1990,17947840,PATICO DELICATESE SRL,100,search
1991,25540685,PEDROGROUP AGRO S.R.L.,100,search
1992,18454077,PEG PEREGO SRL,100,search
1993,,,,
1994,12521509,PERIN SRL,100,search
1995,45794432,PET RECYCLING TEAM TARGU MURES S.A.,100,search
1996,,,,
1997,34061444,PETRY RETAIL SRL,100,search
1998,16941262,PICK UP SRL,100,search
1999,12802636,PIG BAND SRL,100,search
2000,1202920,PIINEA DE CASA SRL,100,search
2001,,,,
2002,16072364,PKD GRUP SRL,100,search
2003,16429204,PLASMASERV SRL,100,search
2004,4998060,PLASMATERM SA,100,search
2005,18664834,PLASTIC ENGINEERING SRL,100,search
2006,18214201,PLAYSYS SRL,100,search
2007,9678024,PLEURO IND SRL,100,search
2008,,,,
2009,,,,
2010,15095327,PONDEROSA COMPANY SRL,100,search
2011,18865242,POPAS SIMPATHY SRL,100,search
2012,14602405,POWER SUPPLY SYSTEMS UPS SRL,100,search
2013,,,,
2014,21494012,PRESTCONSTAR SRL,100,search
2015,1201320,PRIMACOM SRL,100,search
2016,5122220,PRIMER ELECTRO SRL,100,search
2017,12547690,PRIMEX MURES SRL,100,search
2018,35863063,PRINTEX BTE PRODUCTION SRL,100,search
2019,17580450,PRIVO IN SRL,100,search
2020,2527350,PRO CARDIA SRL,100,search
2040,,,,
2048,,,,
2059,,,,
2060,37887077,REHABCARE SRL,100,search
2061,12665679,REICHON SRL,100,search
2062,46279702,REIEF METAL COLECT S.R.L.,100,search
2063,30934163,REIEF NEFERO SRL,100,search
2064,,,,
2065,,,,
2066,8006912,RENANIA TRADE SRL,100,search
2067,11741468,RETA COM SRL,100,search
2068,16758614,REXO GOLD SRL,100,search
2069,,,,
2070,,,,
2071,,,,
2072,,,,
2073,,,,
2074,,,,
2075,16059080,ROBERT SERV SRL,100,search
2076,43836710,ROBOTIC MANAGEMENT S.R.L.,100,search
2077,30203805,RODISER EXPRES SRL,100,search
2078,1208841,ROLL PRODCOMIMPEX SRL,100,search
2079,13658530,ROMARIS SRL,100,search
2080,11307680,ROMCHIM SRL,100,search
2081,,,,
2082,,,,
2083,8391486,ROMINSTA SRL,100,search
2084,35273550,ROMMETAL ENGINEERING SRL,100,search
2085,,,,
2086,12763600,ROMSTAL MURES SRL,100,search
2087,1220721,ROMUR SA,100,search
2088,15302805,ROTECOM-GLASS S.R.L.,100,search
2089,36074149,ROVITA FLORA S.R.L.,100,search
2090,17693220,ROXCOM SRL,100,search
2091,42524825,ROYAL AUTOMOBILE MURES S.R.L.,100,search
2092,43232004,ROYAL DRU AGRO S.R.L.,100,search
2093,41420958,ROYAL DRU PARTS S.R.L.,100,search
2094,17628701,ROYAL GERMAN FISH & SEAFOOD SRL,100,search
2100,,,,
2103,,,,
2105,,,,
2108,,,,
2110,,,,
2124,,,,
2133,9822617,SMART SOFT SERV SRL,100,search
2134,,,,
2135,18246351,SOCIETATEA DE FINANTARE RURALA FAER IFN SA,100,search
2136,2522493,SOCOT SA,100,search
2137,2609167,SOLOMON PRODCOM SRL,100,search
2138,18660883,SONNENTOR SRL,100,search
2139,,,,
2140,17951663,SPQ NEW ACCESORII S.R.L.,100,search
2141,31596907,SPRINT DIESEL SRL,100,search
2142,33061845,ST GIORGIA SRL,100,search
2143,19060631,STEF MOL TRANSCOM SRL,100,search
2144,38641045,STEFI REGALE S.R.L.,100,search
2145,14613064,STERA INDUSTRY SRL,100,search
2146,,,,
2147,25334405,STONEFIT SRL,100,search
2148,,,,
2149,42470610,STR8MINDS S.R.L.,100,search
2150,41394000,STRUCTOFORM CONSTRUCT S.R.L.,100,search
2151,10527220,SUBTRANSCON SRL,100,search
2152,23987769,SUNNY PLAST SRL,100,search
2153,29869606,SUPER FRESH SRL,100,search
2154,10527424,SUPERNOVA SRL,100,search
2155,31410248,SUPPLIER AKT SRL,100,search
2156,27252751,SURI SPED SRL,100,search
2157,3563696,SURUB TRADE SRL,100,search
2158,18813138,SVT ELECTRONICS SRL,100,search
2159,,,,
2160,42908966,SYLEVY CLEANING S.R.L.,100,search
2161,,,,
2162,49590702,SYSTEM AUTOLOGISTIC S.R.L.,100,search
2163,33095759,SYSTEMA CERTIFICARI S.R.L.,100,search
2164,6668034,SZABO CONSULTING SRL,100,search
2165,35343435,SZOLVEGY VEGYIPARI SRL,100,search
2177,,,,
2186,,,,
2197,,,,
2208,9692851,TOTHCAR COMPANY IMPEX SRL,100,search
2209,24550800,TOTIM COM SRL,100,search
2210,1208787,TRACOS SRL,100,search
2211,31591586,TRADITII DIN NATURA SRL,100,search
2212,,,,
2213,,,,
2214,1281290,TRANS COM HE SRL,100,search
2215,30542445,TRANS PAUSER SRL,100,search
2216,22730928,TRANS TECHNIK SRL,100,search
2217,22366003,TRANSFABI LOG SRL,100,search
2218,20695468,TRANSFOR SRL,100,search
2219,41267049,TRANSILVANIA BETON S.R.L.,100,search
2220,1219301,TRANSPORT LOCAL SA,100,search
2221,,,,
2222,18345231,TRAVESIA SRL,100,search
2223,14516495,TRIPLAST SRL,100,search
2224,34557015,TUBER TRANSILVANIA SRL,100,search
2225,14192992,TUBSYSTEM SRL,100,search
2226,25311100,TUIA SRL,100,search
2227,30014610,TURBOCAM ENHANCED SURFACES S.R.L.,100,search
2228,23490408,TURBOCAM ROMANIA SRL,100,search
2229,6626799,TUTTO ABC SRL,100,search
2230,12783585,TUŢU-TRANS SRL,100,search
2231,17674406,TWINSERV SRL,100,search
2232,28386859,ULTRAJET SRL,100,search
2233,30477924,UNI-YTECH ELECTRO MONTAJ SRL,100,search
2234,36464885,UNIPREST IMOBILIARE SRL,100,search
2235,17459637,UNIPREST INSTAL SRL,100,search
2236,9964301,VADAMIS COM SRL,100,search
2237,45343645,VALEA IZVOARELOR SENIOR LIVING S.R.L.,100,search
2238,8886388,VALENTIN ELECTRO SRL,100,search
2239,12097366,VALENTINO DISTRIBUTION SRL,100,search
2246,,,,
2255,,,,
2259,40287994,VIRTUAL REALITY ZONE S.R.L.,100,search
2260,,,,
2261,,,,
2262,28976531,VITAL LOGISTIC SRL,100,search
2263,,,,
2264,18826367,VLADADEL SRL,100,search
2265,9670527,VLADALEX IMPEX SRL,100,search
2266,37810189,VLAXIFIT SRL,100,search
2267,2528313,VOIAJOR SRL,100,search
2268,8536188,VOLSCENS PRODIMPEX SRL,100,search
2269,,,,
2270,16699682,WEBBEDS SERVICES S.R.L.,100,search
2271,29904380,WEICON ROMANIA SRL,100,search
2272,37325575,WELDMASTER S.R.L.,100,search
2273,15444907,WESSLING ROMANIA SRL,100,search
2274,22918469,WESTFLEISCH ROMÂNIA SRL,100,search
2275,4275276,WETRALOG ROMANIA SRL,100,search
2276,33305982,WIJNEN SRL,100,search
2277,,,,
2278,9360879,XEDEX TRADE SRL,100,search
2279,,,,
2280,43626084,XTINA M&C S.R.L.,100,search
2281,41179338,YAS BEAUTY COSMETICS S.R.L.,100,search
2282,18914345,ZAPPA ELECTRIC SRL,100,search
2283,,,,
2284,1201100,ZIMEX SRL,100,search
2285,17271357,ZOLVAS SRL,100,search
2286,35604115,ZOOM CADISS SRL,100,search
2287,16294336,ZSOFIA SRL,100,search
2288,6501868,ADF PROD SRL,100,search
2289,4498421,ADRIDAN SRL,100,search
2290,18736345,ALMOS AGROROM SRL,100,search
2291,14966155,ALTEX LOGISTIC & DISTRIBUTION SRL,100,search
2292,23180245,AMCOR FLEXIBLES PIATRA NEAMŢ S.R.L.,100,search
2293,2057240,ARCELORMITTAL TUBULAR PRODUCTS ROMAN SA,100,search
2294,2042479,AUGSBURG SRL,100,search
2295,18433260,AUTONOM SERVICES S.A.,100,search
2296,11207525,BANESTO SRL,100,search
2297,19241603,BICO INDUSTRIES S.A.,100,search
2298,,,,
2299,2056601,CERSANIT ROMANIA SA,100,search
2300,11256366,CIBIBON SRL,100,search
2301,2662292,COMES SA,100,search
2302,15346437,COMPANIA JUDETEANA APA SERV SA,100,search
2303,,,,
2304,16360111,DANLIN XXL SRL,100,search
2305,2045181,DINAMIC 92 DISTRIBUTION SRL,100,search
2306,2045823,DOLINEX SRL,100,search
2307,22067680,ETURIA SRL,100,search
2308,3426630,FARMACIA ARDEALUL SRL,100,search
2309,,,,
2310,6315466,JIFFY PACKAGING S.A.,100,search
2311,2005144,KOBER SRL,100,search
2312,28111092,LANDSTAR CAPITAL SRL,100,search
2313,,,,
2314,8352266,MARALEX COM SRL,100,search
2315,2662284,MARSAT SA,100,search
2316,6610075,MEDASIMPEX SRL,100,search
2317,28514150,MERLINS BEVERAGES S.R.L.,100,search
2318,27811993,MITHRAS BUILD SRL,100,search
2319,2046250,MOLDOCOR SA,100,search
2320,15280138,ODLO ROMANIA SRL,100,search
2321,16306031,ONLINESHOP SRL,100,search
2322,10350976,PETROUZINEX SRL,100,search
2323,2050285,RIFIL SA,100,search
2324,43368635,ROMANEL TIMBER S.R.L.,100,search
2325,14702196,SIMIAL SRL,100,search
2326,2056725,SUINPROD SA,100,search
2327,2003232,TERMOPLAST SRL,100,search
2328,6610440,TRUST EURO THERM SRL,100,search
2329,,,,
2330,11165829,ULTRA TOTAL INVEST SRL,100,search
2331,,,,
2332,14101552,VOLTA GRUP SRL,100,search
2333,15329177,VOLTA X SOLAR SYSTEMS S.R.L.,100,search
2334,13849866,YARNEA SRL,100,search
2335,2005136,ZOOSAB SRL,100,search
2336,18412640,ASTERI IMPEX SRL,100,search
2337,5407588,MINCO IMPEX SRL,100,search
2338,15051630,THRACE GREINER PACKAGING SRL,100,search
2339,25453996,TRANS NEF SRL,100,search
2340,713519,ACET SA,100,search
2341,33184953,AGROLINEVOL S.R.L.,100,search
2342,18480050,ALBERTEMMA SRL,100,search
2343,8028880,ALBERTINO STAR SRL,100,search
2344,12059923,ALEXIANA GROUP SRL,100,search
2345,34557805,ALSIM MEAT DISTRIBUTION S.R.L.,100,search
2346,2691530,AMBRO SA,100,search
2347,23979235,ANASPED SRL,100,search
2348,21730059,ARAISA GROUP SRL,100,search
2349,2693736,ASSIST SOFTWARE SRL,100,search
2350,,,,
2351,,,,
2352,14941037,BIOMEDICA SRL,100,search
2353,7220224,CALCARUL SA,100,search
2354,13290801,CARPATHIAN SPRINGS SA,100,search
2355,712360,CARPATIS SRL,100,search
2356,6339007,COLOANA PRODCOM SRL,100,search
2357,712912,CON BUCOVINA SA,100,search
2358,14462140,DAREX AUTO SRL,100,search
2359,3778180,DELTAFARM SRL,100,search
2360,18044107,DENIS SHOES SRL,100,search
2361,15978905,DORNA MEDICAL SRL,100,search
2362,2560861,ECUATOR SRL,100,search
2363,,,,
2364,,,,
2365,,,,
2366,40656552,EURO EST DECORATIVE S.R.L.,100,search
2367,8252984,EURO TEHNIC SRL,100,search
2368,13069275,EUROSPEED SRL,100,search
2369,20169676,EXPRESS EUROSCAN SRL,100,search
2370,19201382,GAMAR CONSTRUCT SRL,100,search
2371,,,,
2372,,,,
2373,45814165,GLOBAL GRAIN LOGISTICS S.R.L.,100,search
2374,6803092,HARIVEX COM SRL,100,search
2375,5526120,INTER-CONTI COM SRL,100,search
2376,18948470,IULIUS MALL SUCEAVA SRL,100,search
2377,9930937,KALMAN DISTRIBUTION SRL,100,search
2378,7195155,KILLER SRL,100,search
2379,,,,
2380,23031090,LIDER SERVICII SRL,100,search
2381,,,,
2382,3176126,LOIAL IMPEX SRL,100,search
2383,13969544,LUMY TOOLS TRANS SRL,100,search
2384,,,,
2385,,,,
2386,7282405,MARELVI IMPEX SRL,100,search
2387,5250733,MARTISORUL COM SRL,100,search
2388,32311331,MIND GAMES S.R.L.,100,search
2389,34874331,MOPAN SUCEAVA S.A.,100,search
2390,7918740,OLINT COM SRL,100,search
2391,,,,
2392,14924168,PHARMAPLUS SRL,100,search
2393,9852650,PRIMAGRA ROMANIA S.R.L.,100,search
2394,5099178,PRO MOBILA SRL,100,search
2395,17590003,PROLISOK SRL,100,search
2396,3903674,PROMO PLUS SRL,100,search
2397,,,,
2398,24810128,RADBURG SOFT S.R.L.,100,search
2399,774583,RAITAR SRL,100,search
2400,730137,RARAUL SA,100,search
2401,15380374,REVLACO MOTORS SRL,100,search
2402,33642635,ROMOLDOVA S.R.L.,100,search
2403,27098785,ROYAL CLUBINVEST SRL,100,search
2404,,,,
2405,8319871,SAVCOM SRL,100,search
2406,29084042,SET-CORPORATION SRL,100,search
2407,13847989,SIDEM SRL,100,search
2408,9066947,SIMOS COM SRL,100,search
2409,30852551,STRONG MND CORPORATION S.R.L.,100,search
2410,5020823,SUPERSTAR COM SRL,100,search
2411,6552535,SYMMETRICA SRL,100,search
2412,,,,
2413,15231305,TEHNO WORLD SRL,100,search
2414,30688468,TERMOHABITAT S.R.L.,100,search
2415,,,,
2416,36591510,TRUTZI REAL ESTATE S.R.L.,100,search
2417,17898144,TRUTZI SRL,100,search
2418,11963790,TUDIA SRL,100,search
2419,,,,
2420,33115767,WOOD CHIPPER S.R.L.,100,search
2421,,,,
2422,14960802,MANTZARIS EUROPLAST S.R.L.,100,search
2423,11438007,SISTEMPLAST SA,100,search
2424,17986823,AQUAVAS SA,100,search
2425,39679510,BADELMAD S.R.L.,100,search
2426,,,,
2427,32700819,CLASS FARM WAREHOUSE SRL,100,search
2428,9983702,CLEOPATRA CENTER SRL,100,search
2429,14768395,CRISMIH SRL,100,search
2430,4975725,ENACHE-MORARIT SRL,100,search
2431,29645935,FABRICA DE CARNE MORANDI S.R.L.,100,search
2432,13616569,GARTEK SRL,100,search
2433,14679859,GAZ EST SA,100,search
2434,,,,
2435,28464540,KREDIANIS SRL,100,search
2436,14870831,LANDCOM SRL,100,search
2437,16196761,MIOCODIS SRL,100,search
2438,4359342,MORANDI-COM SRL,100,search
2439,29538513,NUTRIVA SRL,100,search
2440,26614160,PERPETUUS COM SRL,100,search
2441,14221761,PLANTAGRO-COM SRL,100,search
2442,28185839,REDCON UNU S.R.L.,100,search
2443,2808089,RULMENTI SA,100,search
2444,,,,
2445,9721337,SAGEM SRL,100,search
2446,828080,TAVIANY SRL,100,search
2447,23919713,TEGROSTAR SRL,100,search
2448,10400632,TRANSMIR SRL,100,search
2449,13728104,VANBET SRL,100,search
2450,829522,VASCAR SA,100,search
2451,14234540,VIACONS RUTIER SRL,100,search
2452,13352386,AGROBOG STAR SRL,100,search
2453,24211269,ALTDORF TEHNIK SRL,100,search
2454,,,,
2455,18096610,ARTIFEX SRL,100,search
2456,,,,
2457,13337297,AUTO BEST CENTER SRL,100,search
2458,1437373,AVICOLA FOCSANI SA,100,search
2459,1436882,AVIPUTNA SRL,100,search
2460,27770826,BECIUL DOMNESC GRUP S.A.,100,search
2461,1446711,BECIUL DOMNESC S.A.,100,search
2462,8206929,COMCEREAL SA,100,search
2463,1443170,COMPANIA DE UTILITATI PUBLICE SA,100,search
2464,1437292,CONBETA SRL,100,search
2465,,,,
2466,6517651,CRISTILORY PROD SRL,100,search
2467,12732417,DEEP SERV 2000 SRL,100,search
2468,,,,
2469,1437144,DMF POLIPLAST SRL,100,search
2470,27204266,DUBLU LIC & ŞIC SRL,100,search
2471,19159024,ECO-X S.A.,100,search
2472,,,,
2473,,,,
2474,,,,
2475,,,,
2476,,,,
2477,12671743,METALE INTERNATIONAL SRL,100,search
2478,,,,
2479,,,,
2480,6704285,PANDORA PROD SRL,100,search
2481,32266974,PERFECT ELMA DISTRIBUTION SRL,100,search
2482,43892795,PINIMOB EXPRES S.R.L.,100,search
2483,,,,
2484,,,,
2485,,,,
2486,11885854,PROGRES DISTRIBUTIE SRL,100,search
2487,2846864,SCORPION EXIM SRL,100,search
2488,33424193,SIMIZ FASHION SRL,100,search
2489,,,,
2490,14613331,TEXDATA SRL,100,search
2491,30882900,TIXYROM DISTRIBUTION SRL,100,search
2492,6704005,UVERTURA COM SRL,100,search
2493,22552804,VALCOM CONSTRUCT SRL,100,search
2494,6486989,VELMI PREST SRL,100,search
2495,1454846,VRANCART SA,100,search
