id_firma,domeniu,verdict,motiv
265,dccommunications.net,gresit,Agentia romaneasca de PR DC Communication (Bucuresti) foloseste dccom.ro; dccommunications.net apartine foarte probabil altei entitati straine cu nume similar.
272,heberger.ro,corect,Heberger Constructii este subsidiara romaneasca a grupului german Heberger; heberger.ro este site-ul local al grupului.
275,hogarth.ro,incert,Hogarth Worldwide (WPP) foloseste global hogarthww.com; nu pot confirma ca hogarth.ro apartine entitatii Hogarth & Ogilvy Romania si nu altei firme. Verificarea web a fost imposibila (tool-uri indisponibile in mediu).
276,holcim.ro,corect,Holcim Romania SA (CUI 12610207) foloseste holcim.ro - site oficial cunoscut al producatorului de ciment.
280,huawei.com,corect,"Huawei Technologies SRL este subsidiara locala; huawei.com este site-ul global al grupului (include sectiunea /ro). Acelasi grup, nu alta entitate."
289,infomedfluids.com,corect,"Infomed Fluids SRL, producator roman de solutii perfuzabile din Bucuresti, foloseste infomedfluids.com ca site oficial."
323,librainternetbank.ro,incert,"Site-ul principal al bancii este librabank.ro; librainternetbank.ro corespunde exact denumirii legale si e plauzibil detinut defensiv de banca (redirect), dar nu am putut verifica."
342,medlife.ro,corect,"MedLife SA, operator privat major de servicii medicale, site oficial medlife.ro - evident corect."
350,oneunitedproperties.com,incert,"One United Properties foloseste ca site principal one.ro; oneunitedproperties.com e plauzibil detinut de companie, dar fara verificare nu pot exclude un domeniu strain/parcat."
362,oxigen.ro,incert,Potrivire doar partiala de nume: domeniu generic (cuvant comun) atribuit unei firme agro cu nume lung. Risc ridicat sa apartina altei entitati numite Oxigen; necesita verificare web.
380,peek-cloppenburg.ro,corect,Peek & Cloppenburg opereaza magazine in Romania; peek-cloppenburg.ro este site-ul local oficial al retailerului.
433,quadraestate.ro,corect,"Potrivire exacta de nume pe .ro pentru dezvoltatorul imobiliar bucurestean Quadra Estate; asociere plauzibila, fara semnale de alta entitate."
439,radcom.ro,corect,"Radcom SA, companie romaneasca de software/telecom din Bucuresti, foloseste radcom.ro - site oficial cunoscut."
488,sanador.ro,corect,"Sanador, retea privata de sanatate din Bucuresti, site oficial sanador.ro - evident corect."
314,kiwifinance.ro,corect,"Kiwi Finance, broker de credite din Bucuresti (grup OTP), foloseste kiwifinance.ro - site oficial cunoscut."
339,mediainvestment.ro,incert,Nume generic (Media Investment) si firma putin cunoscuta (CUI 34130234); domeniul poate apartine oricarei firme media. Necesita verificare web.
347,omnicommediagroup.com,corect,"Omnicom Media Group Romania e subsidiara grupului; omnicommediagroup.com este site-ul global al aceluiasi grup, nu alta entitate."
353,optimpm.com,incert,Optim Project Management (Bucuresti) a folosit istoric optim-pm.com (cu cratima); nu pot confirma ca varianta fara cratima optimpm.com le apartine si nu e alta entitate.
359,ortopedica.ro,corect,"Ortopedica SRL, producator roman de proteze si dispozitive ortopedice din Bucuresti, foloseste ortopedica.ro."
411,prisum.ro,corect,"Prisum International, distribuitor farma (Himalaya) din Bucuresti, foloseste prisum.ro - site oficial cunoscut."
424,propertypartners.ro,corect,Potrivire exacta de nume pe .ro; Property Partners este firma cunoscuta de servicii imobiliare din Bucuresti.
442,randstad.com,corect,Randstad Staffing SRL e subsidiara grupului olandez; randstad.com este site-ul global al grupului (site local: randstad.ro). Acelasi grup.
455,rocainvestments.ro,corect,"ROCA Investments (Impetum Group), fond romanesc de private equity, foloseste rocainvestments.ro."
467,romconsulting.ro,corect,Potrivire exacta de nume plus validare geografica (Bucuresti) pentru Romconsulting International SRL; asociere plauzibila.
533,somaco.ro,corect,"Somaco Grup Prefabricate, producator cunoscut de prefabricate din beton, foloseste somaco.ro."
497,scda.ro,incert,"Potrivire doar pe acronimul SCDA, folosit frecvent de alte entitati (ex. Statiunile de Cercetare-Dezvoltare Agricola). Risc ridicat de alta entitate; necesita verificare web."
288,imsat.ro,corect,"IMSAT SA, integrator roman de instalatii electrice si automatizari (grup SNEF), foloseste imsat.ro."
316,knaufinsulation.ro,corect,Knauf Insulation are filiala in Romania; knaufinsulation.ro este site-ul local oficial al brandului.
329,luxten.com,corect,"Luxten Lighting Company SA, operator roman de iluminat public, foloseste luxten.com ca site oficial."
335,mccann.ro,corect,McCann Worldgroup Romania (McCann Bucharest) foloseste mccann.ro - site-ul local al agentiei.
379,pcmanagement.com,incert,"Firma infiintata recent (CUI 46159102, ~2022); pcmanagement.com este un .com generic, foarte probabil al altei entitati straine. Probabil gresit, dar necesita verificare web."
385,pernodricard.com,corect,Pernod Ricard Romania e subsidiara grupului francez; pernodricard.com este site-ul global al aceluiasi grup.
391,plana-innova.ro,corect,Potrivire exacta de nume pe .ro pentru Plana Innova (Bucuresti); asociere plauzibila.
397,porternovelli.com,corect,"Porter Novelli Bucuresti face parte din reteaua globala Porter Novelli (Omnicom); porternovelli.com este site-ul retelei, acelasi brand."
413,probstdorfer.ro,corect,"Probstdorfer Saatzucht Romania SRL, filiala producatorului austriac de seminte, foloseste probstdorfer.ro ca site local."
457,rockstarconstruct.ro,corect,"Rock Star Construct SRL, firma cunoscuta de constructii/demolari din Bucuresti, foloseste rockstarconstruct.ro."
463,romenergy.ro,incert,Potrivire doar pe prima parte a numelui (Rom Energy) pentru Rom Energy Armstrong; nu pot confirma ca romenergy.ro apartine acestei firme si nu altei companii energetice.
481,rustler.ro,corect,Rustler Property Services e filiala romaneasca a grupului austriac Rustler; rustler.ro este site-ul local al grupului.
285,ilmaestro.ro,incert,"Nume generic italian folosit de multe afaceri (restaurante, cofetarii etc.); nu pot confirma ca ilmaestro.ro apartine exact firmei Il Maestro SRL CUI 18030748."
296,italinox.ro,corect,"Italinox Romania, distribuitor cunoscut de otel inoxidabil, foloseste italinox.ro - site local oficial."
340,medicover.ro,corect,"Medicover Romania, retea privata de sanatate, site oficial medicover.ro - evident corect."
348,omvpetrom.ro,corect,Domeniul omvpetrom.ro apartine grupului OMV Petrom (site principal omvpetrom.com); OMV Petrom Marketing e parte a aceluiasi grup.
360,otho.ro,incert,"Firma mica (OTHO Estate, CUI 34865376) si domeniu scurt pe brand; plauzibil dar neverificabil din cunostinte - necesita verificare web."
378,pazo.ro,corect,Potrivire de nume plus validare geografica pentru Pazo Grup (Bucuresti); asociere plauzibila cu site-ul de brand pazo.ro.
396,porr.ro,corect,PORR Construct SRL e subsidiara grupului austriac PORR; porr.ro este site-ul local al grupului in Romania.
406,primavera-development.ro,corect,"Primavera Development, dezvoltator imobiliar bucurestean cunoscut; primavera-development.ro este site-ul oficial."
418,prodamco.ro,corect,"Potrivire exacta a numelui (Prodam Co) pe domeniu .ro; asociere plauzibila, fara indicii de alta entitate."
425,provident.ro,corect,"Site oficial Provident Financial Romania IFN, creditor cunoscut."
437,rabbitmedia.com,incert,"Nume generic pe .com, risc de omonim strain; verificare web indisponibila."
443,rasci.ro,corect,RASCI e asociatia industriei de self-care din Bucuresti; site oficial.
487,samsung.com,corect,"Domeniu global al grupului Samsung, folosit de subsidiara RO (samsung.com/ro)."
495,scandinaviandesign.com,gresit,"Portal international de design scandinav, nu firma RO (care are domeniu propriu .ro)."
546,streamnetworks.ro,corect,Potrivire exacta pe .ro; omonimul UK foloseste .co.uk.
306,kandia-dulce.ro,corect,"Site oficial Kandia Dulce, producatorul ciocolatei Rom/Kandia."
331,maira.ro,incert,Domeniul trunchiaza numele (fara 'montaj'); posibil alta entitate; neverificabil.
337,mediacity.ro,corect,Media City e tipografia cunoscuta din Bucuresti; mediacity.ro e site-ul ei.
351,opaltechnologies.com,incert,"Nume generic pe .com, exista omonime straine; verificare web indisponibila."
357,orbicobeauty.ro,corect,Divizia locala a grupului de distributie Orbico; potrivire exacta pe .ro.
375,paulhartmann.com,corect,"Domeniu corporativ al grupului PAUL HARTMANN AG, mama subsidiarei RO."
381,pegasusengineering.net,incert,"Mai multe firme omonime in UK/SUA, TLD .net generic; neverificabil."
393,policolor.ro,corect,"Site oficial Policolor, producator roman de vopsele; validat si prin CUI."
403,premium-lubricants.ro,corect,Potrivire exacta de nume pe .ro; coliziune improbabila.
409,primusauto.ro,corect,Potrivire exacta de nume pe .ro; dealer auto bucurestean.
415,processsolutions.com,incert,Grupul BPO Process Solutions foloseste azi ps-bpo.com; .com poate fi altcineva; neverificabil.
422,propaganda.ro,incert,"propaganda.ro e agentia bucuresteana, dar sunt doua entitati Propaganda in lista; nu pot transa fara verificare."
446,realsol.com,incert,"Fara CUI, nume generic pe .com, probabil firma straina; neverificabil - inclin spre gresit."
453,roadhill.ro,corect,"Nume distinctiv, potrivire exacta pe .ro."
459,rodbun.ro,corect,"Site oficial Rodbun Grup, agribusiness romanesc cunoscut."
484,safir.ro,gresit,"safir.ro apartine grupului avicol SAFIR din Vaslui, nu firmei SAFIR '94 IMPEX Bucuresti."
498,schenker.com,corect,"Domeniul grupului DB Schenker, mama Schenker Logistics Romania."
518,skanska.ro,corect,"Site-ul local al grupului Skanska, activ in Romania."
524,smartech.ro,incert,"smartech.ro pare retailer de gadgeturi, nu consultanta Smartech Consult; neverificabil."
283,hvshielding.ro,corect,"Nume foarte distinctiv, potrivire exacta pe .ro."
307,karcher.ro,corect,"Subsidiara oficiala Karcher; domeniu al grupului, validare prin CUI."
338,mediaconsulta.ro,corect,Biroul RO al retelei germane MC Group (media-consulta.com).
346,omniasig.ro,corect,"Site oficial Omniasig VIG, asigurator major din Romania."
352,openmindlaboratory.ro,corect,"Potrivire exacta a numelui complet pe .ro, nume distinctiv."
370,papaya-advertising.com,corect,Agentie bucuresteana cunoscuta; acesta e site-ul ei.
376,paypoint.com,gresit,paypoint.com e PayPoint plc din UK; firma RO (iesita din grup in 2021) folosea paypoint.ro.
382,pelipartners.ro,corect,Site oficial al casei de avocatura Peli Partners (fost PeliFilip).
404,premium.ro,gresit,"Premium Porc foloseste premiumporc.ro; premium.ro e domeniu generic, potrivire doar pe cuvantul 'premium'."
416,procreditbank.ro,corect,Site oficial ProCredit Bank Romania; potrivire completa de brand.
423,propagandamarketing.com,incert,Posibile agentii straine omonime pe .com; dublura cu id 422; neverificabil.
429,pulsmedica.ro,corect,Potrivire exacta pe .ro; furnizor medical romanesc.
441,ranevents.eu,incert,"Fara CUI, TLD .eu nespecific Romaniei, posibile omonime straine; neverificabil."
447,rec-immpuls.ro,corect,"Ortografie foarte distinctiva (immpuls), potrivire exacta pe .ro."
454,robertbosch.ro,corect,Subsidiara oficiala Bosch Romania; grupul detine domeniul.
472,romprest-energy.ro,corect,Parte a grupului Romprest; potrivire exacta pe .ro.
478,rovigo.ro,corect,Site oficial al casei de insolventa Rovigo SPRL din Bucuresti.
485,saintgobain.ro,corect,"Site-ul local al grupului Saint-Gobain, care include Rigips Romania."
499,schindler.ro,corect,Site-ul local al grupului Schindler; subsidiara oficiala RO.
506,servier.com,corect,"Domeniul global al grupului Servier, mama Servier Pharma RO."
1,alfa-cluj.ro,corect,"Nume+oras reproduse exact in domeniu, validare CUI."
10,agricultorul.com,incert,"Cuvant generic, .com atipic; verificare web imposibila in acest mediu."
11,agritehnica.ro,corect,"Dealer cunoscut de utilaje agricole din Valea Seaca, Bacau."
22,brenneka.ro,corect,"Nume foarte distinctiv, potrivire exacta."
23,bva-logistik.ro,corect,"Combinatie distinctiva, potrivire exacta."
25,capitalinvest.ro,incert,"Nume extrem de generic, multe firme omonime, fara CUI; verificare web imposibila."
26,cation.ro,incert,"'Cation' e termen comun; potrivire nedistinctiva, verificare imposibila."
28,chimcomplex.ro,corect,"Combinat chimic national din Onesti, nume unic."
31,conbac.ro,corect,"Constructor cunoscut din Bacau, nume specific local."
32,conextrust.ro,corect,"Constructor consacrat din Bacau, nume distinctiv."
33,copanex.ro,corect,"Nume inventat, distinctiv, potrivire exacta."
35,croco.ro,corect,"Producatorul national de crackers din Onesti, site oficial."
36,cybernet.ro,incert,"Doar 'cybernet' din nume, termen generic IT; risc de alta firma; verificare imposibila."
37,dabacco.ro,corect,"Nume distinctiv, potrivire exacta."
38,dafermann.ro,corect,"Nume inventat, unic."
39,dedeman.ro,corect,"Retailer national de bricolaj din Bacau, site oficial evident."
41,edupro.ro,incert,"Nume generic educatie, 'Grup' omis; verificare imposibila."
42,electricplus.com,incert,Firma bacauana pare sa foloseasca .ro; .com generic posibil strain; verificare imposibila.
44,elmetinternational.ro,corect,"Potrivire completa, combinatie distinctiva."
60,moldovafarming.ro,corect,"Firma agricola cunoscuta, potrivire completa, coerenta regional."
61,moraruanca.ro,corect,"Nume complet reprodus, validare CUI."
63,ndpharma.ro,corect,Potrivire completa pe .ro; omonimul international foloseste alte domenii.
65,nitramonia.ro,incert,Nitramonia e istoric brandul din Fagaras; sufixul BC omis - risc alta entitate; verificare imposibila.
68,panimon.ro,corect,"Panificatie cunoscuta din Onesti, validare CUI."
71,potpuriu.ro,corect,"Firma cunoscuta local in Onesti, validare nume+geo."
73,rhinosafety.ro,corect,Potrivire completa pe .ro; omonimul UK e pe .co.uk.
75,rikkosteel.ro,corect,"Combinatie distinctiva, potrivire completa."
76,romchimprotect.ro,corect,"Producator cunoscut de biocide din Filipesti, Bacau."
78,rustrans.ro,corect,Transportator cunoscut din Blagesti; .ro + nume+geo plauzibil.
81,salofarmlogistic.ro,corect,Entitatea de distributie a lantului Salofarm Bacau.
83,senal.ro,corect,"Nume distinctiv, validare nume+geo cu Bacau."
85,simbainvest.ro,corect,Agentie de turism cunoscuta din Bacau.
86,speditionumb.ro,corect,"Parte din grupul UMB Bacau, nume distinctiv."
87,ssabag.ro,corect,Constructor din grupul Umbrarescu; suedezii SSAB folosesc ssab.com.
93,thermoenergy.ro,corect,"Termoficare municipala Bacau, site oficial, validare CUI."
95,tobaccoland.com,gresit,Domeniul apartine grupului german/austriac tobaccoland (automate tigari); implauzibil pentru un SRL din Onesti din 2021.
101,bigconf.ro,corect,"Producator de confectii cunoscut din Botosani, validare CUI."
103,castilio.ro,corect,Brand hotelier/restaurant cunoscut din Botosani.
114,elsaco.com,corect,"Compania principala a grupului Elsaco Botosani, site oficial."
115,elsaco-solutions.ro,corect,"Parte din grupul Elsaco, nume reprodus exact."
117,formens.ro,corect,Fabricant cunoscut de costume din Botosani.
122,lactosolomonescu.ro,corect,"Fabrica de lactate cunoscuta din Miron Costin, Botosani."
125,miracom.eu,incert,"Concatenare generica, .eu atipic, fara CUI; verificare imposibila."
126,moderncalor.ro,corect,"Termoficare municipala Botosani, site oficial."
127,nordicromar.ro,corect,"Procesator de peste din Dorohoi, nume distinctiv."
129,ovisim.ro,corect,"Nume distinctiv, validare nume+geo Botosani."
130,pandorascourier.com,corect,"Curier Romania-UK din Botosani, brand cunoscut pe .com, validare CUI."
133,rolanatex.ro,corect,Rolana Tex este producator cunoscut de fire/tricotaje din Botosani; potrivire exacta de nume si validare prin CUI.
135,sagrod.ro,corect,"Nume inventat, foarte distinctiv (Sagrod, Darabani); risc de coliziune practic nul, potrivire nume+geo."
136,samcomas.ro,corect,"Concatenare exacta a numelui complet (Samcom AS), nume distinctiv, TLD .ro; coliziune improbabila."
139,simiontehnoconstruct.ro,corect,"Potrivire exacta a numelui complet, denumire foarte specifica; practic imposibil sa apartina altei entitati."
142,supersplendid.ro,corect,Super Splendid este retailer cunoscut din zona Dorohoi/Botosani; potrivire exacta nume complet.
143,vestra.ro,incert,"Vestra Industry (mobilier, Botosani) exista, dar 'vestra' e nume scurt/brandabil care poate apartine altei entitati; verificarea online a fost blocata de mediu."
149,apanautomobile.ro,corect,Grupul Apan este dealer auto cunoscut din Braila; potrivire exacta nume complet.
150,apan.ro,corect,"apan.ro este site-ul grupului auto Apan din Braila, din care face parte Apan Motors; aceeasi entitate economica."
151,apan.ro,corect,Apan SRL Braila este firma-mama a grupului Apan; apan.ro ii apartine.
152,avimi.ro,incert,"Nume distinctiv dar activitate necunoscuta; potrivirea nume+geo e plauzibila, dar site-ul nu a putut fi verificat (fetch blocat de mediu)."
155,braicoop.ro,corect,"Braicoop este cooperativa agricola cunoscuta din Braila; nume unic, potrivire exacta."
156,cellularone.ro,corect,"Potrivire exacta nume complet pe TLD .ro; desi 'Cellular One' e si brand american, domeniul .ro corespunde plauzibil firmei GSM din Braila."
161,concivia.ro,corect,"Concivia SA este companie de constructii cunoscuta din Braila; nume unic, potrivire exacta."
164,etufarm.ro,corect,"Nume distinctiv (Etufarm), potrivire exacta pe .ro; coliziune improbabila."
165,eurobuilding.ro,incert,"'Euro Building' e denumire generica, cu multe entitati similare in tara si strainatate; necesita verificare pe site, imposibila in acest mediu."
168,frontera-trading.ro,corect,"Potrivire exacta a numelui complet (cu cratima), nume distinctiv; coliziune improbabila."
169,glorious-lighting.com,incert,"Potrivire de nume, dar TLD .com fara ancora geografica; exista producatori asiatici cu nume similar, risc ca domeniul sa apartina altei entitati; neverificabil in acest mediu."
173,lamaritec.ro,corect,"Nume foarte distinctiv (La Maritec), potrivire exacta pe .ro; coliziune improbabila."
178,originalserv.ro,corect,Concatenare exacta a numelui complet pe .ro; plauzibil pentru firma din Cazasu/Braila.
179,petrogab.ro,corect,"Nume distinctiv (Petrogab), potrivire directa; coliziune improbabila."
182,romway.ro,incert,"Domeniul acopera doar 'Romway', fara 'Engineering Construction'; poate apartine altei firme romanesti cu acest nume; neverificabil in acest mediu."
187,tehnicaldent.com,corect,Ortografia atipica 'tehnical' (nu 'technical') se potriveste exact cu numele firmei; foarte probabil clinica dentara din Braila.
188,termhidro.ro,corect,"Nume distinctiv (Termhidro), potrivire exacta pe .ro; coliziune improbabila."
196,adreminvest.ro,corect,Adrem Invest este firma cunoscuta de servicii energetice din Bucuresti (grupul Adrem); potrivire exacta.
205,alchimex.ro,corect,Alchimex SA este producator cunoscut de produse fitosanitare din Bucuresti; alchimex.ro este site-ul lor oficial.
206,allsysenergy.ro,corect,"Potrivire exacta a numelui complet, denumire specifica; plauzibil site-ul companiei energetice bucurestene."
210,archibus.ro,corect,archibus.ro este site-ul reprezentantei Archibus in Romania (software IWMS); corespunde entitatii Archibus Romania.
211,arcom.ro,corect,Arcom SA este companie istorica de constructii-montaj din Bucuresti; arcom.ro ii apartine dupa cunostintele mele.
212,arcticstream.ro,corect,"Arctic Stream este integrator IT cunoscut, listat la BVB, cu sediul in Bucuresti; potrivire exacta."
214,arpim.ro,corect,"ARPIM este Asociatia Romana a Producatorilor Internationali de Medicamente, Bucuresti; arpim.ro este site-ul oficial."
215,artgroup.ro,incert,"'Art Group' e denumire relativ generica, iar entitatea are 'Int' in nume; domeniul poate apartine altei firme similare; neverificabil in acest mediu."
218,auto.ro,incert,"Domeniu hiper-generic asociat doar prin nume-partial; site-ul cunoscut al Auto Italia este autoitalia.ro - suspiciune ridicata de asociere gresita, dar neverificabil in acest mediu."
219,automobilebavaria.ro,corect,Automobile Bavaria este dealerul BMW cunoscut din Romania; automobilebavaria.ro este site-ul lor oficial.
222,avicompact.ro,corect,"Potrivire exacta a numelui complet, denumire specifica; coliziune improbabila."
223,aviamotors.ro,corect,Avia Motors este dealer Skoda cunoscut din Bucuresti; aviamotors.ro este site-ul lor.
224,avicolabucuresti.ro,corect,Potrivire exacta nume complet + geografie in numele domeniului; site-ul producatorului avicol bucurestean.
225,axpo.com,corect,"Axpo Energy Romania este subsidiara grupului elvetian Axpo; axpo.com este domeniul corporativ al grupului, folosit si de entitatea romaneasca (inclusiv pentru e-mail)."
226,azad.ro,corect,Azad este importatorul/retailerul cunoscut de covoare orientale din Bucuresti (Azad Enterprises); azad.ro ii corespunde.
231,bogart.com,gresit,"Constructorul bucurestean Bog'Art foloseste bog-art.ro; bogart.com apartine altei entitati (brand international 'Bogart'), nu firmei de constructii."
237,brainstrategy.com,incert,"Domeniul omite '4' din numele firmei si e pe .com; exista firme straine 'Brain Strategy' - suspiciune de asociere gresita, dar neverificabil in acest mediu."
239,branto.ro,corect,"Branto este furnizor bucurestean cunoscut de echipamente/armaturi industriale; nume distinctiv, potrivire directa."
240,brdasigurari.ro,corect,"Domeniu cu brandul BRD Asigurari, aproape sigur detinut de grupul BRD; corespunde entitatii BRD Asigurari de Viata (eventual redirect catre site-ul oficial)."
244,cddrelocation.ro,corect,CDD Relocation este firma cunoscuta de relocari din Bucuresti; potrivire exacta nume complet.
249,conadi.ro,corect,Conadi este dezvoltator imobiliar cunoscut din Bucuresti; conadi.ro este site-ul lor.
250,conarg.com,incert,Grupul romanesc Conarg a folosit istoric conarg.ro; conarg.com ar putea apartine grupului sau unei entitati straine; neverificabil in acest mediu.
255,conversionmarketing.com,incert,Agentia romaneasca Conversion foloseste conversion.ro; conversionmarketing.com (.com generic) poate apartine unei agentii straine omonime; neverificabil in acest mediu.
257,corteva.ro,corect,Corteva Agriscience are subsidiara in Romania; corteva.ro este domeniul local oficial al companiei.
593,travelcommunication.ro,corect,"nume exact, domeniu .ro dedicat"
605,unitygroup.ro,incert,"nume foarte generic, multiple entitati Unity Group posibile; neverificabil"
617,valtec.ro,incert,"VALTEC este si brand international de instalatii/incalzire; posibil site de brand, nu al SRL-ului de lubrifianti"
649,willemen-carpati.ro,corect,filiala romaneasca a grupului belgian Willemen
656,3pillarglobal.com,corect,3Pillar Global are entitate si birouri in Romania (Cluj/Timisoara)
710,chindustrial.com,incert,".com generic, risc de confuzie (ex. CNH Industrial); neverificabil"
717,conexinstal.ro,corect,nume distinctiv + geo Cluj confirmat
768,evozon.ro,corect,"Evozon, firma software cunoscuta din Cluj"
792,gamasoftware.ro,corect,"nume complet gasit pe site, domeniu .ro"
804,gormet.eu,corect,nume distinctiv + geo Cluj confirmat
810,haak.ro,corect,"studio din Cluj, nume complet confirmat pe site"
828,imperialdevelopment.ro,corect,"dezvoltator imobiliar Cluj, nume complet"
846,lalorraine.ro,corect,La Lorraine Bakery Group are fabrica la Campia Turzii
852,logicsystems.ro,corect,"firma IT Cluj, nume complet confirmat"
864,medisprof.ro,corect,clinica oncologica cunoscuta din Cluj
896,nordconforest.ro,corect,constructor cunoscut din Cluj
939,remsrealestate.com,incert,agentia REMS Cluj foloseste istoric alte domenii; .com neverificabil
976,somlea.ro,corect,"casa de avocatura/insolventa Cluj, nume distinctiv"
1018,ulmapackaging.ro,corect,subsidiara romaneasca a grupului spaniol ULMA
1042,weberbau.ro,corect,nume distinctiv + geo Cluj confirmat
1061,adodistriconsult.ro,corect,"nume exact, foarte specific"
1073,baby.com,gresit,"baby.com este domeniu global generic (apartine unei corporatii straine), nu al unui SRL din Galati"
1085,citygas.ro,corect,"City Gas, distribuitor de gaz cunoscut din Galati"
1091,demcar.ro,corect,dealer auto cunoscut din Galati
1122,nevada-butnaru.ro,corect,"nume foarte specific, potrivire exacta"
1134,revival.ro,corect,validat prin CUI gasit pe site
1140,tancrad.com,corect,"Tancrad, constructor cunoscut din Galati, nume distinctiv"
1146,medwarehouse.com,incert,".com generic in engleza, prefixul distinctiv A&S lipseste din domeniu; risc site strain"
1164,automarket.ro,gresit,"automarket.ro este portal media auto national, nu dealerul Auto Market SRL din Iasi"
1170,axafarm.ro,corect,validat prin CUI gasit pe site
1194,conduent.com,corect,Conduent are centru mare in Iasi; site-ul corporativ al grupului
1236,inovalabel.ro,corect,"nume distinctiv, producator etichete Iasi"
1248,mennekes.com,corect,Mennekes are fabrica in judetul Iasi; site-ul grupului german
1272,romfour.com,corect,"Romfour, transportator cunoscut din Iasi"
1284,snack-trade.com,corect,"nume complet confirmat, denumire suficient de specifica"
1290,transoil.ro,incert,"potrivire doar partiala de nume; Trans-Oil este si grup agro-industrial moldovean, posibila alta entitate"
1296,viosand.ro,corect,nume distinctiv Viosand + geo Pascani
1361,agrosen.ro,corect,"nume distinctiv, firma agricola Mures"
1674,farmacia-horvath.ro,corect,"potrivire exacta, farmacie locala Reghin"
1701,fomcowood.ro,corect,"parte din grupul Fomco (Mures), validat prin CUI"
2132,smartdeliveryservices.com,incert,"nume generic in engleza pe .com, firma infiintata recent; risc site strain"
2191,tmgip.ro,corect,"acronim specific, validat prin CUI"
2204,total.com,gresit,"total.com apartine TotalEnergies (Franta), nu unui SRL din Targu Mures"
2287,zsofia.ro,corect,nume + geo Reghin confirmate
2299,cersanitromania.ro,corect,"site-ul romanesc al grupului polonez Cersanit, fabrica la Roman"
2317,merlinsbeverages.com,corect,"nume foarte distinctiv, potrivire exacta"
2323,rifil.ro,corect,"Rifil Savinesti, producator de fire cunoscut"
2343,albertinostar.ro,corect,validat prin CUI gasit pe site
2355,carpatis.ro,corect,"Carpatis, producator alimentar cunoscut din Suceava, validat CUI"
2361,dornamedical.ro,corect,"retea de laboratoare/clinici cunoscuta, Vatra Dornei"
2367,eurotehnic.ro,corect,validat prin CUI gasit pe site
2397,radburgcenter.ro,corect,"nume distinctiv, potrivire completa cu brandul Radburg (anvelope)"
2415,testprima.ro,corect,"potrivire exacta nume-domeniu, nume suficient de distinctiv"
2430,enachemorarit.ro,corect,"moara cunoscuta din Husi, nume foarte distinctiv"
2442,redcon.ro,corect,validat prin CUI gasit pe site
496,scando.ro,corect,Scando - producator cunoscut de scaune/mobilier birou din Bucuresti
516,sirgrup.ro,corect,"potrivire nume+geo, nume distinctiv"
552,synevo.ro,corect,brand cunoscut - retea nationala de laboratoare medicale
606,universalsolution.ro,incert,"nume foarte generic, multe firme omonime; necesita verificare CUI pe site"
618,vapro.ro,corect,"nume distinctiv, validare nume+geo trecuta"
625,veridio.ro,corect,"nume distinctiv, validare nume+geo"
644,wellkept.ro,corect,"Wellkept Group - firma reala de facility management Bucuresti, validat CUI"
650,wipro.com,corect,subsidiara locala a grupului global Wipro; domeniul corporate e cel folosit
669,arobs.ro,corect,"AROBS - companie software cunoscuta Cluj, detine arobs.ro/.com"
675,astecomedical.ro,corect,potrivire exacta nume distinctiv
711,chtransbeton.ro,corect,potrivire exacta nume distinctiv
748,ecolor.ro,corect,Ecolor Jucu - producator cunoscut de mobilier (furnizor IKEA)
799,generalsecurity.ro,corect,validat prin CUI gasit pe site
811,halcyonmobile.com,corect,"agentie de software cunoscuta din Cluj, domeniu oficial"
817,hexagon.ro,incert,potrivire doar partiala; hexagon.ro poate apartine altei entitati Hexagon (brand global/alte firme)
823,ibcfocus.ro,corect,IBC Focus - firma cunoscuta de date constructii Cluj
835,iquesttechnologies.com,incert,iQuest Cluj folosea oficial iquestgroup.com (acum Nagarro); apartenenta domeniului nesigura
841,klain.ro,corect,"agentie de marketing Cluj, domeniu = numele brandului"
847,lappinsulators.com,corect,grup global LAPP Insulators cu fabrica la Turda
871,mibprodcom.ro,corect,potrivire exacta nume distinctiv
903,oncos.ro,corect,Oncos Floresti - producator avicol cunoscut din Cluj
915,plantextrakt.ro,corect,"PlantExtrakt Radaia - producator cunoscut de gemoderivate, validat CUI"
927,puiul-regal.ro,corect,potrivire exacta nume distinctiv
934,rebeldot.ro,corect,RebelDot - firma software cunoscuta Cluj (rebeldot.com/.ro)
940,reproinvest.ro,corect,potrivire exacta nume distinctiv
959,sarmatec.ro,corect,"nume distinctiv, validare nume+geo (Apahida)"
1025,upvision.net,incert,"TLD .net atipic pentru firma romaneasca, nume relativ generic; neverificabil"
1031,verbau.ro,corect,"nume distinctiv, validare nume+geo"
1068,apacanal.ro,incert,nume generic (multe operatoare Apa Canal); Galati foloseste apa-canal.ro cu cratima - varianta fara cratima poate fi alta entitate
1092,dicorland.ro,corect,Dicor Land - dealer cunoscut de utilaje agricole Galati
1165,autopadova.ro,corect,Auto Padova - dealer auto cunoscut din zona Iasi
1183,casaauto.ro,corect,Casa Auto Iasi - dealer auto cunoscut
1201,cramelecotnari.ro,corect,validat prin CUI; brandul Cramele Cotnari (Colocviu) e distinct de Cotnari SA
1219,fitermandistribution.ro,corect,"brandul Fiterman (Fiterman Pharma) din Iasi, potrivire completa"
1231,htr-spedition.ro,corect,"transportator cunoscut Iasi, potrivire exacta"
1237,interuno.ro,corect,"potrivire exacta nume, firma cunoscuta Iasi"
1243,mambu.com,corect,Mambu Tech SRL e subsidiara romaneasca (Iasi) a fintech-ului global Mambu
1255,nera.ro,incert,"potrivire doar partiala; nera.ro poate apartine altei entitati (nume scurt, polisemantic)"
1285,sunrisemotors.com,incert,"nume generic + .com - probabil dealer strain omonim; firma din Letcani e recenta, neverificabil"
1291,transgor-logistik.ro,corect,"transportator cunoscut Iasi, potrivire exacta"
1297,zeelandia.ro,corect,"subsidiara romaneasca a grupului olandez Zeelandia, sediu langa Iasi"
1484,cambrio.com,gresit,"cambrio.com apartine companiei americane de software CAD/CAM Cambrio (GibbsCAM/Cimatron), nu unei firme auto din Reghin"
1566,danutrition.ro,corect,"nume distinctiv, validare nume+geo (nutritie animala Mures)"
1739,happyfamilylife.net,incert,"nume foarte generic + TLD .net atipic; risc ridicat de omonimie, neverificabil"
1762,ibanesti.ro,gresit,"potrivire doar partiala; ibanesti.ro este site-ul comunei Ibanesti (primaria), nu al firmei private"
1822,lanuovasartoria.com,incert,"nume italian pe .com - poate fi sartoria italiana omonima, nu fabrica din Sighisoara; neverificabil"
1859,marcelinycmr.ro,corect,potrivire exacta nume foarte distinctiv
1166,avastar.ro,corect,validat prin CUI pe site
1238,iulius.ro,corect,"Grupul Iulius (Iulius Mall), sediu Iasi - brand cunoscut"
1256,nova.ro,gresit,"domeniu premium generic; potrivire doar pe 'nova', improbabil sa apartina unui SRL din Targu Frumos"
1268,ralconstruct.ro,corect,nume distinctiv complet in domeniu
1388,ambasadorgroupsecurity.ro,corect,"validat prin CUI, nume complet in domeniu"
1707,framo.ro,corect,"Framo Romania Gurghiu, producator mobilier cunoscut; .ro local"
1727,glodenienergy.ro,corect,nume complet + localitate Glodeni
1877,maurerimobiliare.ro,corect,"brand Maurer Imobiliare, dezvoltator cu proiecte in Sighisoara"
2031,professionalrecycle.ro,corect,potrivire distinctiva de nume
2053,raulagrocom.ro,corect,nume complet distinctiv in domeniu
2103,samarcu.ro,corect,nume unic distinctiv + geo
2166,talentstore.com,incert,TLD .com si nume comun in recrutare; posibila alta entitate straina - necesita verificare
2195,topgaz.ro,corect,nume complet in domeniu .ro
2227,turbocam.ro,corect,Turbocam are fabrica in Mures; .ro = filiala romana
2295,autonom.ro,corect,"Autonom rent-a-car, sediu Piatra Neamt - brand cunoscut"
2301,comes.ro,corect,"COMES SA Savinesti, producator echipamente cunoscut"
2369,expresseuroscan.ro,corect,nume complet distinctiv
2381,lindaecotil.ro,corect,nume complet distinctiv
2393,primagra-romania.com,corect,nume complet inclusiv 'romania' in domeniu
2411,symmetrica.ro,corect,"Symmetrica Veresti, producator pavaje cunoscut, validat CUI"
2438,morandicom.ro,corect,nume complet + geo Vaslui
2444,safir.ro,corect,"Safir Vaslui, grup avicol cunoscut"
2462,comcereal.ro,corect,"exista mai multe Comcereal pe judete, dar validarea prin CUI confirma entitatea"
2480,pandora-prod.ro,corect,"Pandora Prod Focsani, producator incaltaminte cunoscut"
556,takeda.ro,corect,site local al Takeda Pharmaceuticals Romania
564,tecsa.ro,corect,token distinctiv 'tecsa' pe .ro local; atentie exista si TECSA Spania (tecsa.es)
584,tonicagroup.ro,corect,"validat prin CUI, nume complet"
608,unpirbucuresti.ro,corect,"filiala Bucuresti a UNPIR, nume complet"
659,acicluj.com,corect,"ACI Cluj SA, constructor cunoscut; site oficial pe .com"
665,agoproiect.com,corect,nume distinctiv complet in domeniu
671,artsoft-consult.ro,corect,"Artsoft Consult, firma software Cluj cunoscuta"
684,bissoft.ro,corect,nume complet pe .ro
690,bonas.ro,corect,"Bonas, distribuitor ambalaje Cluj cunoscut"
706,centrulmedical.com,gresit,"domeniu generic .com; potrivire doar pe partea generica 'centrul medical', nu pe 'Novoengrama'"
720,coratim.ro,corect,nume unic distinctiv + geo Cluj
728,csiromania.ro,corect,nume complet inclusiv 'romania'
743,ducfarm.ro,corect,"Ducfarm, lant farmacii Cluj"
777,fehenergy.ro,corect,nume complet distinctiv
783,firsttechnology.net,incert,nume generic + TLD .net; exista grupuri straine 'First Technology' - necesita verificare
789,fujikura.com,gresit,"domeniul global al Fujikura Ltd (Japonia); divizia auto foloseste fujikura-automotive.com, nu domeniul parintelui"
807,greenweee.ro,corect,"GreenWEEE International, reciclator DEEE cunoscut"
813,hecoschrauben.com,incert,"brandul apartine grupului german HECO-Schrauben (heco-schrauben.de); posibil domeniul parintelui, nu al filialei romane"
825,icpiaf.ro,corect,"acronim unic ICPIAF, institut/firma Cluj"
861,marinaproperties.ro,corect,potrivire stransa de nume pe .ro
867,metalicplas.ro,corect,"Metalicplas Dej, validat prin CUI"
873,mmmautoparts.ro,corect,nume complet distinctiv
879,mostserv.ro,corect,nume complet + geo Cluj
891,nervia.ro,corect,nume distinctiv + geo Cluj
899,novaservis.ro,corect,"Novaservis - brand al grupului Ferro, firma este chiar filiala acestuia"
923,prodvinalco.ro,corect,"Prodvinalco Cluj, producator bauturi cunoscut"
936,reif-infra.ro,corect,"nume complet distinctiv (grup REIF, sucursala Cluj)"
1927,mures.ro,gresit,"mures.ro este portal geografic/institutional al judetului Mures, nu al unui SRL; potrivirea nume+geo e falsa (numele firmei = numele judetului)"
1952,noke.ro,corect,validare prin CUI gasit pe site
1980,oxtrade.ro,corect,"nume distinctiv, potrivire completa"
2085,romsafe.ro,corect,"nume distinctiv (seifuri/securitate), potrivire completa"
2226,tuia.ro,corect,"pepiniera de tuia, nume+geo concordante"
2237,valeaizvoarelor.com,incert,"Valea Izvoarelor e si nume de localitate; .com generic, riscul unui site turistic/alt profil; necesita verificare"
2318,mithrasbuild.ro,corect,"nume distinctiv, potrivire completa"
2344,alexianagroup.ro,corect,"nume distinctiv, nume+geo"
2374,harivex.ro,corect,firma cunoscuta de materiale de constructii din Suceava
2386,marelvi.ro,corect,"Marelvi Impex Radauti, distribuitor electrocasnice cunoscut"
2398,radburg.ro,incert,radburg.ro e afacerea de anvelope Radburg din Marginea; entitatea juridica operatoare poate fi alta decat Radburg Soft SRL
2410,superstarcom.ro,corect,"producator de incaltaminte din Radauti, nume identic"
2416,trutzirealestate.ro,corect,validare prin CUI; grupul Trutzi din Scheia e cunoscut
2449,vanbet.ro,corect,"Vanbet, grup agrozootehnic cunoscut din Vaslui"
2461,beciuldomnesc.ro,incert,"brandul de vin Beciul Domnesc apartine Vincon Vrancea; domeniul poate fi al Vincon, nu al societatii Beciul Domnesc SA"
2485,premiumporc.com,corect,"Premium Porc Group, grup danez de ferme din Vrancea, foloseste domeniul de grup .com"
538,spitalulmonza.ro,corect,spital privat cunoscut din Bucuresti
555,syscomdigital.ro,corect,"companie cunoscuta de servicii digitale/SMS, validare CUI"
563,techventuresbank.com,incert,domeniul oficial al bancii este techventures.bank; techventuresbank.com poate fi parcat sau al altcuiva
595,trustmotors.ro,corect,"Trust Motors, importator Peugeot cunoscut"
632,vistabank.ro,corect,"Vista Bank Romania, banca cunoscuta"
638,vonconsulting.ro,corect,firma cunoscuta de consultanta HR/IT Bucuresti
645,westfourtharchitecture.com,corect,birou de arhitectura cunoscut (Vladimir Arsene)
664,agis.ro,corect,"Agis Computer Cluj, validare prin CUI"
670,arosaindustries.ro,corect,"nume distinctiv, nume+geo"
749,edelwand.ro,corect,"nume distinctiv, nume+geo"
806,grandemar.ro,corect,"Grandemar SA, cariere de piatra Cluj, cunoscuta"
824,icia.ro,corect,ICIA = Institutul de Cercetari pentru Instrumentatie Analitica Cluj
836,ircem.ro,corect,"IRCEM, institut de cercetare in economie circulara, Cluj"
866,megamix.ro,incert,nume semi-generic; nu pot confirma ca megamix.ro apartine Megamix Comimpex Cluj si nu altei entitati Megamix
878,morphoza.ro,corect,"Morphoza, firma cunoscuta de design/fit-out din Cluj"
898,nova.ro,gresit,Nova Power & Gas foloseste novapg.ro; nova.ro e domeniu scurt generic apartinand altei entitati
904,osma.ro,corect,OSMA brand de tevi/drenaj; Osma Plast Romania Turda este reprezentanta locala
910,pehart.ro,corect,grupul Pehart (hartie/tissue) cu fabrica la Dej
922,pro-tools-expert.com,gresit,"pro-tools-expert.com este cunoscutul blog britanic despre software-ul audio Avid Pro Tools, nu un retailer de scule din Cluj"
935,recognos.ro,corect,"Recognos, firma software cunoscuta din Cluj"
954,safeway.ro,corect,nume+geo concordante; firma de echipamente protectie Cluj
966,sinterom.ro,corect,"Sinterom SA Cluj, producator piese sinterizate cunoscut"
978,sortilemn.ro,corect,"Sortilemn Gherla, producator mobila cunoscut"
990,technicglass.ro,corect,"nume distinctiv, potrivire completa"
1014,trasmec.com,corect,"domeniul grupului italian Trasmec, a carui subsidiara de productie este in Cluj"
1032,verla.ro,corect,"nume distinctiv, nume+geo"
1038,vitrina.ro,corect,"Vitrina Advertising, agentie cunoscuta din Cluj"
1044,windenergy.eu,incert,"domeniu .eu foarte generic, improbabil detinut de un SRL mic din Cluj; posibil portal/entitate straina; necesita verificare"
1063,alewijnse.ro,corect,"subsidiara romaneasca a grupului olandez Alewijnse, site local .ro"
1087,combavipor.ro,corect,"Combavipor SA Galati, nume unic"
1099,fierctc.ro,corect,"Fier CTC, comerciant de otel cunoscut din Galati"
1105,inlandshipping.ro,corect,"nume identic, profil naval specific Galati"
1111,liometal.ro,corect,"nume distinctiv, potrivire completa"
1142,utchimsteel.ro,corect,"nume distinctiv, potrivire completa"
1160,arcadis.ro,corect,"domeniul Arcadis Romania, acelasi grup cu Arcadis Excellence Center Iasi"
752,electrogrup.ro,corect,"Brand cunoscut Cluj, constructii energetice"
758,energobit.eu,corect,Energobit grup cunoscut Cluj; .eu apartine grupului (site principal energobit.com)
686,blade.ro,incert,"Domeniu scurt/premium, potrivire doar pe 'blade', posibil alt detinator"
698,ccsas.ro,corect,"CC SAS instalatii Cluj, acronim specific"
707,centrulmedical.com,incert,"Domeniu .com generic, nume partial; risc ridicat sa fie alt centru medical"
729,cucinaturea.com,corect,"Nume foarte specific (Cucina + Turea, sat in Cluj)"
737,darian.ro,corect,"Darian DRS, firma de evaluari cunoscuta din Cluj"
759,englmayer.ro,corect,"Grup logistic austriac Englmayer, filiala Gilau"
765,europeanfabrications.ro,corect,Nume complet distinctiv
820,hirsch-porozell.ro,corect,"Hirsch Porozell, producator EPS cunoscut, Bontida"
838,kazal.ro,corect,Nume distinctiv + validare geo Dej
844,kovostroj.ro,corect,Nume distinctiv + geo
906,p4bit.com,corect,Potrivire exacta nume distinctiv
912,pilkington.ro,corect,"Brand global NSG/Pilkington, prezent in Romania"
918,porscheengineering.ro,corect,Porsche Engineering are centru la Cluj
924,promedis.ro,corect,Nume distinctiv + geo Cluj
930,pyronova.ro,corect,"Pyronova, grup protectie la incendiu cu filiala in Romania"
937,rematinvest.ro,corect,"Rematinvest, reciclare Cluj, cunoscut"
950,rottaprint.com,corect,"Rottaprint Apahida, producator etichete cunoscut, site .com oficial"
956,samus-tec.ro,corect,"Nume complet distinctiv, Dej"
998,terragres.ro,corect,Nume complet distinctiv
1004,topmarket.ro,incert,Nume generic 'Top Market'; domeniul poate fi magazin online fara legatura cu Comimpex Cluj
1016,trendfurniture.ro,corect,"Trend Furniture, producator mobilier Cluj"
1040,volvo.ro,gresit,"volvo.ro e site-ul national Volvo Cars (importator auto), entitate diferita de Volvo Trucks Romania (site volvotrucks.ro)"
1071,arcif.ro,corect,"Acronim distinctiv, constructii Galati"
1083,cipsor.ro,corect,Nume distinctiv + geo Galati
1113,mairon.ro,corect,"Mairon Galati, distribuitor otel cunoscut"
1132,racricom.ro,corect,Nume distinctiv + geo
1156,antibiotice.ro,corect,"Antibiotice Iasi, companie farma cunoscuta"
1168,avitop.ro,corect,"Avi-Top, avicola Iasi cunoscuta"
1174,bmtaerospace.com,corect,"BMT Aerospace, grup belgian cu fabrica la Iasi; site de grup"
1192,colectmetal.ro,corect,Nume complet distinctiv
1204,das.ro,corect,"DAS Iasi, firma mare de instalatii; das.ro e site-ul ei istoric"
1210,ekysam.ro,corect,"Eky Sam Targu Frumos, nume distinctiv"
1216,fermador.ro,corect,"Fermador, brand avicol Iasi cunoscut"
1222,fondal.ro,corect,Validare prin CUI gasit pe site
1228,grupconstructiiest.ro,corect,Nume complet distinctiv
1240,lincortrans.ro,corect,Nume distinctiv + geo
1246,meconiasi.ro,corect,Nume complet + Iasi in domeniu
1252,moldova.ro,gresit,"Domeniu generic regional; nu apartine firmei Moldova Seminte, potrivire doar pe cuvantul 'Moldova'"
1264,primaconstruct.ro,incert,"Nume comun; exista mai multe firme 'Prima Construct' in tara, geo trebuie reconfirmat"
1270,resonance.ro,incert,"Cuvant generic englezesc, potrivire partiala; posibil alt detinator"
1649,europati.com,corect,"Euro Pati, patiserie Targu Mures, nume distinctiv"
1672,farma.ro,gresit,"Domeniu ultra-generic farmaceutic; potrivire doar pe 'farma', foarte probabil alt detinator decat Farma Dan Pres"
1845,macosolar.ro,corect,Nume complet distinctiv
1975,ormatin.ro,corect,"Ormatin, nume distinctiv, colectare deseuri Mures"
1997,petry.ro,corect,"Petry, brand macelarie/mezeluri cunoscut din Targu Mures"
2062,reief.ro,corect,Validare prin CUI
2095,rsdiagnostics.com,incert,Acronim scurt pe .com; exista si alte 'RS Diagnostics' internationale
2187,timkobrut.ro,corect,Nume complet foarte distinctiv
2202,tordai.ro,corect,"Tordai, brand macelarie cunoscut Targu Mures"
955,salice.ro,incert,"Salice e brand italian de feronerie; potrivire doar partiala, posibil alt detinator (verificare online indisponibila)"
961,secpral.ro,gresit,"secpral.ro apartine SECPRAL COM SRL (sisteme securitate, Cluj); Secpral Pro Instalatii foloseste secpralpro.ro"
973,solvendi.ro,corect,"Solvendi SPRL, practician in insolventa Cluj, nume distinctiv"
1015,traust.ro,corect,"Traust, constructii Gilau/Cluj, nume distinctiv complet"
1045,wipindustries.ro,corect,Nume distinctiv identic + geo Apahida/Cluj
1064,almera.ro,corect,"Almera International Galati, producator cunoscut de articole menaj; nume+geo confirmat"
1082,chorus.ro,incert,Chorus e nume generic cu multe entitati; domeniul scurt poate apartine altei firme
1094,doladelacompany.ro,corect,"Nume foarte distinctiv, identic cu firma"
1143,valrotrade.ro,corect,Nume complet distinctiv identic
1179,buildcorp.ro,corect,"Buildcorp, constructor cunoscut din Iasi; nume complet potrivit"
1203,daroconstruct.ro,corect,Nume distinctiv identic + geo Iasi
1239,larafarm.ro,corect,"Lara Farm, farmacii Iasi; nume complet potrivit"
1263,polirom-packaging.com,corect,Domeniul distinge explicit divizia packaging de editura Polirom; potrivire exacta
1269,rcbetonbau.com,corect,Nume distinctiv identic (RC Beton Bau)
1281,signanthealth.com,corect,"Site global al grupului Signant Health, care are filiala/centru in Iasi"
1287,termo.com,gresit,Domeniu .com generic strain; Termo Service Iasi foloseste termo-service.ro
1433,balinttrans.eu,corect,"Nume distinctiv identic, transportator Mures"
1645,euselectcars.ro,corect,Nume complet distinctiv identic
1689,flexipro.net,incert,Nume generic + TLD .net atipic pentru firma romaneasca; posibil alt detinator
1817,krispeed.ro,corect,Nume distinctiv identic
1909,moldviocom.ro,corect,Nume foarte distinctiv identic + geo Reghin
1984,pallbox.ro,corect,Nume distinctiv (Pallbox ambalaje) potrivit
2039,promarktrade.com,corect,Nume complet identic; .com dar denumire suficient de specifica
2141,sprintdiesel.ro,corect,Nume complet distinctiv identic
2172,telog.ro,corect,Nume identic + validare geo pe site; exista si Telog strain dar pe alt TLD
2198,topmed.ro,incert,"topmed.ro pare clinica TopMed Targu Mures; entitatea juridica poate diferi de Topmed Invest Logistic, desi acelasi oras/brand"
2219,transilvania.com,gresit,Domeniu .com generic pe un termen geografic comun; nu apartine unei statii de betoane din Cristesti
2332,volta.ro,corect,"Volta Grup Piatra Neamt, distribuitor materiale electrice; validat prin CUI"
2358,darex.ro,incert,Darex Auto Suceava foloseste uzual darexauto.ro; darex.ro poate apartine altei firme Darex
2370,gamar.ro,corect,Validat prin CUI gasit pe site
2376,iulius.ro,corect,"Site-ul grupului Iulius, proprietarul Iulius Mall Suceava"
2382,loial.ro,corect,"Loial Impex Suceava, firma cunoscuta; nume+geo"
2394,promobila.ro,corect,"Pro Mobila, producator mobila Suceava; nume complet potrivit"
2433,gazest.ro,corect,"Gaz Est Vaslui, distribuitor gaze cunoscut; validat prin CUI"
2439,nutriva.ro,corect,"Nutriva, furaje Vaslui; nume+geo"
2457,autobestcenter.ro,corect,Nume complet identic; validat prin CUI
2469,dmfpoliplast.ro,corect,Nume distinctiv identic
483,saaten-union.ro,corect,Filiala romaneasca a grupului german de seminte Saaten-Union
522,smartpoint.ro,incert,"Nume foarte generic, multe firme Smart Point in Bucuresti; risc de alt detinator"
541,stalfort.ro,corect,"STALFORT Legal Tax Audit, casa de avocatura cunoscuta din Bucuresti"
548,studioartconstruct.ro,corect,Nume complet distinctiv identic
585,topline.ro,incert,Nume generic (Top Line); domeniul scurt poate apartine altei firme decat Top Line Europa
603,unitedmarketingpartner.com,incert,Nume complet identic dar .com si denumire generica; posibila entitate straina omonima
609,uponor.ro,corect,"Brand global Uponor, site-ul filialei romanesti"
622,veolia.ro,corect,"Brand global Veolia, site-ul operatiunilor din Romania"
641,walmark.ro,corect,Brand cunoscut de suplimente Walmark; validat prin CUI
660,adaprodcom.ro,corect,Nume distinctiv identic + geo Cluj
672,asacons.ro,corect,"ASA Cons Romania Turda, constructor cunoscut"
691,brantner.ro,corect,"Grupul austriac Brantner (servicii ecologice), site-ul din Romania"
715,comlact.ro,corect,"Comlact, procesator lactate cunoscut din Cluj"
740,distral.ro,corect,"Distral Cluj, echipamente termice; nume+geo validat"
2212,trafic.ro,gresit,"trafic.ro este serviciul cunoscut de masurare a traficului web, nu firma de transport din Sovata"
2221,travel.ro,gresit,"domeniu generic premium, portal/agentie de turism nationala, improbabil al unui SRL din Ghindari"
2230,tututrans.ro,corect,"nume distinctiv, potrivire exacta"
2282,zappaelectric.ro,corect,potrivire exacta nume distinctiv
2303,cuiul.ro,corect,"nume distinctiv, potrivire exacta + geo"
2315,marsat.ro,corect,"Marsat SA Roman, operator cablu/telecom cunoscut"
2327,termoplast.ro,incert,"exista mai multe firme Termoplast in Romania, nu e sigur ca domeniul e al celei din Roman"
2333,volta.ro,gresit,"potrivire doar partiala; volta.ro e domeniu generic de brand comun, foarte probabil alta entitate"
2347,anasped.ro,corect,"transportator cunoscut din Suceava, nume distinctiv"
2353,calcarul.ro,corect,"Calcarul SA Pojorata, cariera cunoscuta"
2359,deltafarm.ro,corect,"retea farmaceutica din Suceava, potrivire exacta"
2365,electroaxa.ro,corect,"nume distinctiv, potrivire exacta"
2371,generalconstruct.ro,corect,"General Construct Suceava, constructor regional cunoscut"
2389,mopansuceava.ro,corect,"Mopan Suceava, producator panificatie cunoscut"
2395,prolisok.ro,corect,"nume foarte distinctiv, potrivire exacta"
2413,tehnoworld.ro,corect,"Tehnoworld Baia, distribuitor utilaje agricole cunoscut"
2434,katar.ro,incert,"domeniul acopera doar jumatate din nume (Katar vs Katar Conneg), risc de alta entitate/tematica Qatar"
2440,perpetuus.ro,incert,"cuvant latin generic, potrivire partiala (lipseste COM), neverificabil"
2446,taviany.ro,corect,"nume foarte distinctiv, potrivire exacta"
2458,avicolafocsani.ro,corect,"Avicola Focsani SA, companie cunoscuta, validare CUI"
2464,conbeta.ro,corect,"constructor cunoscut din Vrancea, validare CUI"
2494,velmi.ro,incert,"domeniul acopera doar 'Velmi' din nume, posibila alta entitate"
580,tiriacauto.ro,corect,brand national cunoscut Tiriac Auto
586,total.com,gresit,"total.com apartine TotalEnergies (grup petrolier francez), nu firmei de PR"
592,transenergo.ro,corect,"Transenergo Com SA, trader de energie cunoscut, validare CUI"
616,valoria.ro,corect,"Valoria Business Solutions, firma de consultanta cunoscuta din Bucuresti"
635,vitalis.ro,incert,"Vitalis e nume folosit de mai multe entitati (farma, consultanta), neverificabil"
687,blitznetwork.com,incert,grupul imobiliar Blitz din Cluj foloseste alte domenii; .com neconfirmat
699,ccne.ro,corect,acronim exact al Colonia Cluj-Napoca Energie
745,eastgrain.ro,corect,"East Grain, trader de cereale cunoscut din Cluj"
753,elite.ro,gresit,"domeniu generic premium; Elite e brand cunoscut (cafea etc.), improbabil al firmei Elite Grup Cluj; validarea 'cui' e implauzibila pt un asemenea domeniu"
779,fendercables.com,incert,"'fender cables' e termen generic international (cabluri chitara/baloti marini), .com neconfirmat pt firma din Cluj"
797,gearefrigeration.com,corect,"subsidiara locala a grupului global GEA, domeniul apartine aceluiasi grup"
815,heldfashion.ro,corect,"Held Fashion, producator de confectii cunoscut din Cluj"
833,interservisan.ro,corect,"nume foarte distinctiv, potrivire exacta"
839,kesz.ro,corect,filiala romaneasca a grupului maghiar de constructii KESZ
851,lemnconfex.ro,corect,"nume distinctiv, potrivire exacta"
857,madd.ro,corect,"MADD Electronics Cluj, distribuitor componente electronice cunoscut, foloseste madd.ro"
863,medimages.ro,corect,"nume distinctiv, potrivire exacta + geo"
881,mrdentalmed.ro,corect,potrivire exacta nume distinctiv
901,nuevoconstruct.ro,corect,"nume distinctiv, potrivire exacta"
907,pablo.ro,incert,"Pablo Sign foloseste probabil pablosign.ro; pablo.ro e prenume generic, posibila alta entitate"
919,powerbelt.ro,corect,"Power Belt Cluj, benzi transportoare, potrivire exacta"
925,promelek.ro,corect,"Promelek XXI Apahida, distribuitor electric cunoscut"
938,remediumfarm.ro,corect,retea de farmacii cunoscuta din Cluj
963,selectadvertising.ro,corect,potrivire exacta nume
969,softech.ro,incert,"Softech e nume IT foarte comun, mai multe firme omonime in Romania"
981,studiumgreen.ro,corect,"Studium Green, dezvoltator imobiliar cunoscut din Cluj"
999,terrahabitat.eu,corect,"potrivire exacta nume distinctiv, TLD .eu plauzibil"
1011,transilvaniaconstructii.ro,corect,"Transilvania Constructii Cluj, companie listata cunoscuta"
1041,voslogistics.ro,corect,"entitatea din Cluj face parte din grupul olandez Vos Logistics, domeniul apartine grupului"
1066,andrada.ro,incert,"nume generic (prenume), fara CUI; domeniul poate apartine altei firme Andrada"
1078,bulrompetroleum.ro,corect,nume distinctiv complet in domeniu
1084,citadina98.ro,corect,"Citadina 98 Galati, societate cunoscuta de gospodarire urbana, nume+an distinctiv"
1090,davideconstruct.ro,corect,nume distinctiv complet
1096,ecometalrecycling.com,incert,.com cu sintagma engleza generica; exista multi recicladori straini cu acest nume
1108,lemacons.ro,corect,"Lemacons, constructor cunoscut din Galati, nume coined distinctiv"
1114,mairon-tubes.ro,corect,"Mairon Galati, producator cunoscut de tevi otel"
1127,patisgal.ro,corect,nume coined distinctiv (patiserie Galati)
1133,remico-comprest.ro,corect,"validat prin CUI pe site, nume distinctiv"
1139,staer.ro,corect,"STAER, brand national de mobila cu sediul in Galati"
1151,agricrops.ro,corect,"nume coined distinctiv, potrivire directa"
1157,apavital.ro,corect,"ApaVital, operatorul de apa al judetului Iasi, site oficial cunoscut"
1169,avis.ro,gresit,"avis.ro apartine Avis Rent a Car Romania, nu firmei Avis Trans Iasi"
1199,cotnari.ro,corect,"Cotnari SA, crama celebra, site oficial cunoscut"
1217,fertilstar.ro,corect,"validat prin CUI, nume distinctiv"
1223,garomfood.ro,corect,nume distinctiv complet
1247,mediaromgrup.ro,corect,nume distinctiv complet
1253,moldova.ro,gresit,"moldova.ro este domeniu generic regional/portal, nu al societatii agricole din Tiganasi"
1259,panifcom.ro,corect,"Panifcom, brand cunoscut de panificatie din Iasi"
1265,proinvestgroup.ro,corect,"Proinvest Group Pascani, producator industrial cunoscut"
1277,salubris.ro,corect,"Salubris SA, operatorul de salubritate al Iasului"
1289,tokyomotors.com,incert,".com cu nume generic de dealer auto; posibil site strain, necesita verificare"
1490,carmaco.ro,incert,"carmaco.ro pare a fi furnizor de utilaje carmangerie (Bucuresti), nu neaparat Carmaco Agro Reghin"
1512,citadinprest.ro,corect,"Citadin Prest Targu Mures, societate de servicii publice, nume distinctiv"
1680,fastener.ro,corect,"fastener.ro este distribuitorul de organe de asamblare din zona Targu Mures, geografia se potriveste"
1697,fomcosolarsolutions.ro,corect,"parte din Fomco Group Cristesti Mures, grup cunoscut"
1848,magnetic-power.com,incert,".com cu sintagma engleza generica, posibil site strain"
1855,mansartcorporate.ro,corect,nume distinctiv complet
1867,marplastwest.ro,corect,nume distinctiv complet
2063,reief.ro,corect,"REIEF, colector de neferoase din Targu Mures, nume distinctiv"
2231,twinserv.ro,corect,"nume distinctiv, geografie potrivita"
2304,danlin.ro,corect,"Danlin XXL Neamt, nume coined distinctiv"
2310,jiffypackaging.ro,corect,"Jiffy Packaging Piatra Neamt, producator cunoscut de ambalaje, domeniul .ro corespunde"
2316,medasimpex.ro,corect,nume distinctiv complet
2366,euroestdecorative.ro,corect,nume distinctiv complet
2372,globaldesign.ro,incert,"nume foarte generic, fara CUI; multe firme Global Design in Romania"
2378,killer.ro,corect,validat prin CUI gasit pe site; brand de mobilier din Suceava
2396,promoplus.ro,corect,validat prin CUI gasit pe site
2408,simos.ro,incert,"nume scurt, potential ambiguu; nu am putut confirma apartenenta la firma din Falticeni"
2420,woodchipper.com,gresit,"termen generic englez pe .com, foarte probabil site strain despre tocatoare de lemn, nu SRL-ul din Cornu Luncii"
2435,kredianis.ro,corect,nume coined distinctiv
2453,altdorf-tehnik.ro,corect,"validat prin CUI; Altdorf Tehnik, producator cunoscut de remorci din Vrancea"
2477,metaleinternational.ro,corect,"nume distinctiv complet, geografie potrivita"
2489,smartestproiect.ro,corect,nume distinctiv complet
2495,vrancart.ro,corect,"Vrancart Adjud, producator cunoscut de hartie si carton, site oficial"
