id_firma,email1
1,osvath.zoltan@gmail.com
2,popescu.dan@inmaacro.com
4,oporkolab@nexxon.ro
5,office@nicolauscom.ro
6,nicolae.viasu@bilstein.ro
197,office@aetos.ro
200,support@ahi-carrier.ro
207,office@alphamedical.ro
208,marketing@alumil.ro
216,office@astronchemicals.ro
217,sales@austriacard.ro
221,reservations@hertz.ro
230,info@bestfoods-ltd.com
242,reclamatii@bsbfashion.ro
246,contabilitate@cmdeltaapparel.ro
258,office@cosmosmobile.ro
267,ceroauditmcsi@deloitte.com
268,acondrea@deloittece.com
269,comenzi@diamedix.ro
270,egnatia.rom@egnatia-rom.com
271,office@genco.ro
278,hotelair@hotelcon.net
286,office@imedica.ro
290,sales@lykos.ro
293,infoclient@interstar.ro
294,office@intrarom.ro
304,roaccount@jumbo.gr
328,office@lumina.ro
344,a.ion@yamaha-motor.ro
345,info@ndmedhealth.ro
398,contactexro@enel.com
399,contactee.ro@enel.com
400,contacteem.ro@enel.com
401,egpr-em.ro@enel.com
408,primoprod@gmail.com
419,office@profilco-romania.ro
452,reclamatii.muntenia@e-distributie.com
482,info@teleperformance.ro
490,contact@sante.ro
492,secretariat@sarantisgroup.com
505,office@sephora.ro
509,acreanga@siderom.vionet.gr
530,info.ro@sofmedica.com
549,office@gotravel.ro
553,info@synotech.com
567,recrutare@telekom.ro
569,office@tema-energy.ro
620,office@vectra.ro
639,office@eurofit.ro
653,victoria.oancea@valvis-holding.com
733,dablerom@dablerom.com
894,office@planeamtagro.ro
895,office@planeamtagro.ro
943,ioannis@rocasdecor.ro
1052,office@blackseasuppliers.ro
1054,info@gdlgroup.eu
1055,ioana@medtainer.ro
1056,reclamatii.dobrogea@e-distributie.com
1057,info.flb@hellenicdairies.com
1058,office@karvelas.ro
1059,office@panelland.eu
1119,info@muehlhan.ro
1299,alindaro@alinda.ro
1300,office@analkoaluminium.ro
1301,office.dfr@druckfarbengroup.com
1302,info.bucharest@elton-group.com
1303,office@fatrom.ro
1304,office@flexikom.ro
1305,info@isomat.ro
1306,dbarbu@kallas.ro
1307,f.dumitru@karamolegos-bkr.ro
1309,info@promidea.eu
1310,office@pyramis.ro
1311,office@rohel.ro
1312,info@romcolor.ro
1313,sales@sidma-ro.vionet.gr
1314,info@skrekis.ro
1316,hallo@naturlich.ro
1317,office@3el.ro
1318,office@aatransporturi.com
1319,office@actrading.ro
1320,axztrans@yahoo.com
1321,service@aages.ro
1322,office@abraziv.ro
1324,acanthafarm@yahoo.com
1325,office@theacidmedia.net
1326,acmatmtirean@gmail.com
1327,office@acoperisulpotrivit.ro
1328,office@lotuslife.ro
1329,office@actconstructb.ro
1330,office2@adamsvision.ro
1332,aflorea90@yahoo.com
1333,iacobboca@yahoo.com
1334,adidragtrans@yahoo.com
1335,service@adial.ro
1336,office@adianacom.ro
1337,office@adimag.ro
1338,adimexsrl@yahoo.com
1339,scadimonsrl@yahoo.com
1340,contact@piete-tgmures.ro
1342,contact@adrusolution.ro
1343,office@transylvaniaairport.ro
1344,anca.darabus@ropharma.ro
1345,agcurbio@gmail.com
1349,agrocomalbert@yahoo.com
1352,agroproddosa@yahoo.com
1353,agro_rom_aurelian_botezat@yahoo.com
1355,agrogeeaproduct@yahoo.com
1356,agrogreenconcept@gmail.com
1357,office@agrolegvaro.ro
1359,productie@agroprestgroup.ro
1360,agroprest.ms@gmail.com
1361,agrosen_online@yahoo.com
1362,comercial@agrosprint.ro
1363,agrotranscomex@gmail.com
1364,aksd@aksd.ro
1365,alcamadairy@gmail.com
1368,alegurdexpedition16@yahoo.com
1369,laurentiu.neacsa@yahoo.com
1370,office@aliat-ams.ro
1372,office@aliat-auto.ro
1373,atotransport2014@gmail.com
1374,balastiera@alltin.ro
1376,office@all4plast.ro
1377,office@allcolors.ro
1378,tehnic@allstar.ro
1380,contact@aps-ms.ro
1381,comenzi@alprod.ro
1382,altegroup2023@gmail.com
1383,office@sovata-alunis.ro
1385,farmacia_amanita@yahoo.com
1386,amaris_72@yahoo.com
1387,hello@liliac.com
1388,ambasadorgroup17@gmail.com
1389,ambiscosrl@yahoo.com
1390,office@amismob.ro
1391,comenzi@anfeed.ro
1392,anacomtrans@yahoo.com
1394,diamedms21@gmail.com
1395,secretariat@angiocenter.ro
1396,office@anvergo.ro
1397,office@anvico.ro
1398,attsasighisoara@yahoo.com
1399,office@apiprodex.eu
1400,arpi.abodi@yahoo.com
1401,office@arcoflor.ro
1403,ardon@ardon4safety.ro
1404,info@pelso-lexy.ro
1405,office@armincobmc.ro
1406,moldovancrinisoara@yahoo.com
1407,armont94@gmail.com
1408,office@molyslip.ro
1409,office@armosprotect.ro
1410,contact@artemobinternational.com
1411,office@hotelpacsirta.ro
1412,vintage.sighisoara@yahoo.com
1413,office@aspharom-asphadrum.ro
1415,office@atd.ro
1416,office@atlassport.ro
1418,aurexim92@gmail.com
1419,vanzari@autobit.ro
1420,autocomplet@yahoo.com
1422,vanzari@westcar.ro
1424,office.avemures@gmail.com
1425,laurentiu.dorcioman@axiamed.ro
1426,azimutoferta@gmail.com
1427,office@azomures.com
1428,azotrans@gmail.com
1429,office@b2bsynergy.ro
1430,office@fivmures.ro
1431,info@baggerman.ro
1432,office@clubapollo.ro
1433,balinttrans@yahoo.com
1434,sovata.balneo@ro.ensanahotels.com
1435,contact@balorman.com
1436,barbetrans@yahoo.com
1437,office@barcsamarket.ro
1438,office@bartrom.ro
1439,construct_daniel@yahoo.com
1441,bavarianey@yahoo.com
1443,info@benuticompany.ro
1444,bernad_ati@yahoo.com
1445,office@beres.ro
1448,dpo@bestjobs.eu
1450,info@bhstrans.ro
1451,jozsef.szabo@biflora.ro
1452,vanzari@bilytrans.ro
1453,office@bioaqua.ro
1454,office@bioeel.ro
1456,office@biopharminternational.ro
1457,office@birendra.ro
1458,info.blematrans@gmail.com
1459,shop@blondyromania.ro
1460,office@bluecon.ro
1461,office@blueisland.ro
1462,office@bmaautocenter.ro
1463,vasile.trifan60@yahoo.com
1464,badri.impex@gmail.com
1465,office@bonerulspeed.com
1466,office@bigal.ro
1469,brico.ms@gmail.com
1470,brkvasforest@yahoo.com
1472,contact@bsguarding.ro
1473,office-romania@buchen.net
1474,secretariat@bucinmob.ro
1477,office@forajemures.ro
1478,palasan.comprod@yahoo.com
1480,gdpr@ro.mcd.com
1481,office@cableteam.ro
1482,office@cadrupo.ro
1483,calinutz_pop2007@yahoo.com
1484,cambrioauto@gmail.com
1485,info@camelweb.com
1486,camracom@gmail.com
1487,cardinalprest@gmail.com
1488,contact@cardiomedtgm.ro
1489,monica81moldovan@gmail.com
1490,cofetaria.aroma@yahoo.com
1491,sc_carnicomp@yahoo.com
1492,office@carocomp.ro
1493,office@motelsighisoara.com
1494,office@casapetrina.ro
1495,ludovic@caseasphalt.com
1496,office@cataloniainox.ro
1497,office@erond.ro
1498,office@trenchlessworks.ro
1499,office@cgarhivare.ro
1502,office@ceragrim.ro
1503,aureliansos@yahoo.com
1504,liliana.simona.santa@gmail.com
1506,office@cfpconstruct.ro
1507,office@transair.ro
1508,info.ro@chespa.eu
1509,sales@cieautomotive.com
1511,office@cisengineering.ro
1512,citadin_prest@yahoo.com
1513,automobiletogan@yahoo.com
1514,clauromana@yahoo.com
1516,info@cleanika.com
1517,info@apexaclean.ro
1518,office@clinilab.ro
1519,office@ceramicmozaic.ro
1521,reservations@imperialinn.ro
1522,petru.moldovanu@colorexpert.ro
1523,contact@hotelkorona.ro
1524,office@comelectro2000.ro
1526,cocis.stela@yahoo.com
1527,info@home-miotto.ro
1528,resurseumane@comoserv.ro
1529,office@aquaserv.ro
1530,poliglot.group@yahoo.com
1532,office@complexpadesul.ro
1533,comtranshutina@yahoo.com
1534,comvig@yahoo.com
1535,office@naturalsmile.ro
1536,control.financiar@conartstructuri.ro
1537,info@cioatafurniture.ro
1538,office@coniflor.ro
1539,contabilitate@consicom.eu
1540,office@mapcom.ro
1541,csigrupms@gmail.com
1542,sccf_mures_sa@yahoo.com
1543,consumcoop_ganesti@yahoo.com
1544,office@consuselectric.ro
1545,office@benta.ro
1547,coraliasighisoara@yahoo.com
1548,costacos.exchange@yahoo.com
1549,angajari@cotraco.ro
1551,office@creatoys.ro
1553,cromatictipo@cromatictipo.ro
1554,office@kalenda.ro
1557,office@ddinstal.ro
1558,conta.dactylis@yahoo.com
1559,ioana@dafcochim.ro
1561,autogara_campia_turzii@yahoo.com
1562,policlinica.totalmed@gmail.com
1564,borda_dan@yahoo.com
1566,mariusvet@gmail.com
1568,daralextrans@yahoo.com
1569,office@darina.ro
1570,mobilatarnaveni@yahoo.ro
1571,office@caparol.ro
1572,service@dealeritalia.eu
1573,office@dedralex.ro
1574,office@dekotex.ro
1575,rezervari@hotelcavaler.ro
1576,office@delgaz-grid.ro
1577,vanzari@deltatherm.ro
1578,info@demicons.ro
1580,oralmed2000@yahoo.com
1581,depalmur@yahoo.com
1582,office@depomures.ro
1583,office@deterlife.ro
1584,sc_diadrag_srl@yahoo.com
1585,agamathome21@gmail.com
1586,info@dianatrans.ro
1587,diana_truck@yahoo.com
1588,diego_salamon@yahoo.com
1590,webshop@dockyard.ro
1592,office@dominantelectric.ro
1593,dluca68@yahoo.com
1594,doralia_srl@yahoo.com
1595,management@doramedicals.ro
1596,comenzi@doraoptics.ro
1598,office@drumserv.ro
1600,dsu.mures@nituri.ro
1601,office@dudatrans.ro
1602,office@duerkopp-adler.ro
1603,office@eon-asistcomplet.ro
1604,office.eero@eon-romania.ro
1605,office@eon-romania.ro
1607,office@eastagro.ro
1608,service@eet.ro
1609,office@ecofruct.eu
1610,ecohelp2009@yahoo.com
1611,office@tifui.ro
1612,ecoollub@gmail.com
1613,contact@ecoservsig.ro
1614,ofertareedimpex@gmail.com
1615,office@edituraedu.ro
1616,office@eganprod.ro
1617,office@18gym.ro
1618,elandepoker@gmail.com
1620,office@eldi.ro
1622,office@electricemures.ro
1623,office@eo.ro
1624,office@electroterm.ro
1626,ifncontabilitate@gmail.com
1627,elixonimpex@yahoo.com
1628,service@elmed.ro
1629,info@ciupercamica.ro
1632,office@rge.ro
1633,ovidiu.grozescu@energenta.ro
1634,office@energo-electric.ro
1635,office@energoterminvest.ro
1636,office@energystar.ro
1637,acasa@entera.ro
1639,office@deliz.ro
1640,contact@enesa.ro
1641,office@thermopor.ro
1642,erivan_ro@hotmail.com
1643,office@erma.ro
1644,info@plazam.ro
1646,office@eurogassystems.com
1648,office@euronarcis.ro
1649,euro.pati@yahoo.com
1650,eurominerva@gmail.com
1651,pig.band@yahoo.com
1654,contact@maxxsafe.ro
1658,office@evoracenter.ro
1659,restaurantexcalibur@gmail.com
1661,mihutfranciska@yahoo.com
1662,vanzari@expertcompany.ro
1663,office@urbanintelligence.ro
1664,service@expertit.ro
1665,fgeco2008@gmail.com
1666,office@fzl.ro
1667,daniel.tocitu@fancourier.ro
1668,comenzi@fandemo.ro
1670,office@farel.ro
1671,office.faribo@yahoo.com
1672,dan_daneasa@yahoo.com
1673,farmaceuticabb@yahoo.com
1674,farmacia.horvath@gmail.com
1675,omniams@yahoo.com
1676,farmaciaprimulams@yahoo.com
1677,farmatop@farmatop.net
1681,fenyesmarket@gmail.com
1683,secretariat@fermis.ro
1684,hotel@fabesca.ro
1685,polipaul99@yahoo.com
1686,info@dracul.ro
1687,office@fiord.ro
1688,contact@efitofarmacie.ro
1689,scflexipro@gmail.com
1691,contact@floradismetal.ro
1692,office@flowersolutions.ro
1693,e.suciu@effeemme.it
1694,marketing@fomcogroup.ro
1695,montaje.gps@fomco.ro
1696,info@apartamentemures.ro
1698,marketing@fomcosolar.ro
1699,info@fomcoshop.ro
1700,marketing@fomcotruckservice.ro
1702,contact@foodexim.ro
1703,office@forpharma.ro
1705,foris@foriscompany.ro
1706,office@prolift.ro
1707,framoromania@gmail.com
1709,galocta@yahoo.com
1712,office@anticomestiere.ro
1713,sales@gastrometal.ro
1716,office@gedeon-richter.ro
1717,office@geiger.ro
1718,genesismn1998@yahoo.com
1719,office@genidavmob.ro
1720,geoluc.construct@yahoo.com
1721,gepogas@gmail.com
1722,giganti.oil@yahoo.com
1723,office@gliga.ro
1725,tehnic@artposters.ro
1727,glodenienergy@yahoo.ro
1728,office@gralemn.ro
1729,rezervari@hotelgrand.ro
1730,dispo@grebtrans.de
1731,office@gfgroup.ro
1732,trufeas@gmail.com
1733,salut@casavie.ro
1734,grimavas_impex@yahoo.com
1735,office@grupsimex.ro
1737,officero@gst-global.com
1740,ovy_happyserv@yahoo.com
1742,hartmanprodcom@yahoo.com
1745,financiar@hellenergy.ro
1746,hellioscom@yahoo.com
1747,office@larix.ro
1748,shop@herlitzromania.ro
1749,hermanns_company@yahoo.com
1751,contact@hidrosalt.ro
1752,ilea.paul@hirschmann-automotive.com
1753,hmc@hmconstruct.ro
1754,office.ro@hochland.com
1755,hollerikovacs@yahoo.com
1756,office@markholz.ro
1757,secretariat@hora.ro
1759,hornforest@yahoo.com
1760,huniszidisrl@yahoo.com
1761,ianaprodiernut@gmail.com
1762,ibanesti.padure@yahoo.com
1764,idevice.store.service@gmail.com
1765,administrativ@sabion.ro
1766,customer@imaconcept.ro
1769,office@indfloor.ro
1770,office@indlacto.ro
1771,contact@ladiavolorestaurants.ro
1772,office@indra.com.ro
1773,info@indutexromania.com
1774,farmaciapolifarma1@gmail.com
1775,sergiu.velcherean@materom.ro
1776,inreco@inreco.ro
1777,office@insta-grup.ro
1778,achizitii@inoxpress.ro
1779,contact@instaldi.ro
1780,office@instel-group.ro
1781,office@instgaz.ro
1782,office@intaro.ro
1783,office@interdis.ro
1784,contact@interceram.ro
1785,office@intercoop.ro
1786,itamures@yahoo.com
1787,intertrans_dan@yahoo.com
1788,tehnic@intraserv.ro
1790,sc_ione_cris_srl@yahoo.com
1791,office@irum.ro
1792,istrate.agricultura@gmail.com
1793,istylevy@yahoo.ro
1794,sen.silviu@yahoo.com
1795,izoprodms@gmail.com
1796,office@swanwindows.com
1797,contact@joempan.ro
1798,office@jsssecurity.ro
1800,contact@kamiroof.ro
1801,kapusiimpex@yahoo.com
1802,info@kastamonu.ro
1803,office@katan.ro
1805,kendryfood@yahoo.ro
1807,cosmin.sandru@kersia-group.com
1808,comenzi@kiagold.ro
1810,office@kingcompres.ro
1811,office@kisandfriends.ro
1813,office@kodagro.ro
1814,sales@kovacstrade.ro
1815,info@kraft-group.eu
1817,krispeed@yahoo.com
1818,viorelhuruba@kriskon.ro
1819,kronerconstruct2007@gmail.com
1821,gothlord@yahoo.com
1822,lanuovasartoriasighisoara@gmail.com
1823,contact.ro@groupe-lacroix.com
1824,office@landmania.ro
1825,tehnic@lasprom.ro
1826,office@lateralgroup.com
1827,contact@lateral.ro
1828,lanturi@leco.ro
1829,office@lehelimpex.ro
1830,pizzeria221@yahoo.com
1831,office@lineconnect.ro
1832,anghel_lioncompany@yahoo.com
1833,office@locativmures.ro
1834,vanzari@loriand.ro
1835,loropar@gmail.com
1836,rodica_vavrita@yahoo.com
1837,luciangy@yahoo.com
1838,info@lumeabasmelor.ro
1839,info@lumanarilumina.ro
1840,luputrans@yahoo.com
1841,info@lynxsolutions.eu
1843,service@macarale-mures.ro
1844,macoconstruct@yahoo.ro
1846,maconf@mures.rdsmail.ro
1847,office@flacoanepet.ro
1848,officemagneticpower@gmail.com
1851,malu.industry@yahoo.ro
1853,office@mammothtyres.ro
1857,office@margroup.ro
1858,maraimpexsrl@yahoo.com
1859,marcelini_company@yahoo.com
1860,marextrans@yahoo.com
1862,office@mariantherm.de
1863,office@marisprod.ro
1864,office@markromania.ro
1865,markidtrans@yahoo.com
1866,contact@marovapetfood.ro
1867,marplast201601@gmail.com
1868,contact@sportlife.ro
1869,office@marso.ro
1870,marvicomservice@gmail.com
1871,mateconstruct@gmail.com
1872,licitatii.seap@materom.ro
1873,office.brasov@materom.ro
1874,resurseumane@materom.ro
1875,office@materom.ro
1876,secretariat.targumures@maurerimobiliare.ro
1878,office@maviprod.ro
1879,comenzi@cisterna.ro
1880,office@mdl.ro
1881,office@mt-distributions.ro
1882,office@promagshop.ro
1884,office@3mc.ro
1885,info@centrulmedicalmediab.ro
1886,comenzi@medifarmonline.ro
1887,medmures@gmail.com
1888,office@meesenburg.ro
1889,info@megadata.ro
1890,megamontaj@megamontaj.ro
1891,tim@mentavill.ro
1892,metareg94@yahoo.com
1893,marian_gheorghe40@yahoo.com
1895,office@mif.ro
1898,office@milkpact.ro
1899,office@mirdatod.ro
1900,ficulda@yahoo.com
1901,misikeresztes@yahoo.com
1902,mnr.trans@yahoo.com
1903,mobcomand40@yahoo.com
1904,office@mobex.ro
1905,mobigry@yahoo.com
1906,reclamatii@mobiladalin.ro
1907,comenzi@piese-telefoane.ro
1908,vanzari@mokri.ro
1909,moldviocom@gmail.com
1910,office@seminte-andra.ro
1911,hyundai@mondocars.ro
1912,moningtarnaveni@gmail.com
1913,magda.tamas@monosuisse.com
1914,office@montrepcom.ro
1915,sales@motoemotion.ro
1917,office@mrgfatade.ro
1918,info@msprojects.ro
1920,office.ag@multinvest.ro
1921,gogolak.zsolt@multinvest.ro
1922,service@multiplan.ro
1923,office@multipractic.ro
1924,office@galenus.ro
1925,office@mureshidraulici.com
1926,office@murestransporte.com
1930,muricom@yahoo.com
1931,vanzari@solutiimedicalenebunatice.ro
1932,nakita@nakita.ro
1933,office@napa.ro
1936,comenzi@nhomedesign.ro
1937,office@nelmarc.ro
1938,info@metallix.ro
1939,office@neon-sign.ro
1940,office@netconf.ro
1942,office@nettfront.ro
1943,office@nexon.ro
1944,office@nextlan.ro
1945,office@nicodeniss.ro
1946,info@nicolay.de
1947,office@nimar.ro
1948,office@nirajprodcom.ro
1949,nirvanaexcom@yahoo.com
1950,romania@nivelco.com
1951,info@noepsiho.ro
1953,office@editurakreativ.ro
1954,office@nordenlor.ro
1955,receptie@nova-vita.ro
1956,office.novamecanica@gmail.com
1957,office.ro@sandoz.com
1958,novofarmtgm@yahoo.com
1960,office@oapt.ro
1961,office@oblio-sighisoara.ro
1962,ogneangabriel@gmail.com
1963,oleander18@yahoo.com
1964,contact@olteanprodlemn.ro
1965,office@olting.ro
1966,office@oltspera.ro
1967,office@omnicable.ro
1968,omniexpressmures@gmail.com
1970,suport@filbo.ro
1971,office@puiuldecraiesti.ro
1973,service@ordea.ro
1974,scorlandeasrl@gmail.com
1975,ormatin@yahoo.com
1976,tveress@ortoprofil.ro
1977,office@lanka.ro
1979,rastolitaovm@yahoo.com
1982,pai.agrocomplex@gmail.com
1983,office@palascom.ro
1985,veronicabotos@yahoo.com
1986,info-ro@parat.eu
1987,mures@parconfreiwald.ro
1989,farmaciapasiflora@yahoo.ro
1991,office@tractoare-ro.ro
1992,daniela.dalalau@pegperego.it
1993,vanzari@electrostar-mures.ro
1994,info@salanuntisighisoara.ro
1996,petcosovata@gmail.com
1998,vanzari@pick-up.ro
1999,pig_band@freemail.hu
2000,hr@kovacs.ro
2002,secretariat@pkdgrup.ro
2003,service@plasmaserv.ro
2004,secretariat@plasmaterm.ro
2005,office@plasticeng.ro
2006,contact@contiplay.ro
2007,office@pleuro.ro
2008,polaris@szovata.ro
2009,poli_izo@yahoo.com
2010,ponderosacompany@yahoo.com
2011,popassimpathy@yahoo.com
2012,office@upss.ro
2013,office@premaco.ro
2014,contact@prestconstar.ro
2015,marketing@petry.ro
2016,office@centrudesticla.ro
2017,office@primex.ro
2018,sales@printex-bte.ro
2019,rezervari@hotelprivo.ro
2020,vanzari@procardia.ro
2021,electrocasa@gmail.com
2022,proex_2005@yahoo.com
2023,office@pacovis.ro
2024,contact@probicons.ro
2025,info@rovo.ro
2027,prodcarmi@yahoo.com
2028,office@electrolight.ro
2030,office@professionalrecycle.ro
2032,office@scprofil.ro
2033,office@concept-9.ro
2034,automotive@proflex.ro
2035,george.dusa@proflex.ro
2036,financiar@proflex.ro
2037,office@protech.ro
2038,office@proliniarut.ro
2039,promark.trade@yahoo.com
2040,office@promedivet.ro
2042,pronto.salarizare@romchim.ro
2044,office@ubmfeed.ro
2045,paul.moga@purama.ro
2046,qfluid@qfluid.ro
2047,office@qualiplant.ro
2048,sales@hotelcrystal.ro
2049,radanserv2010@gmail.com
2050,office@ragcl.ro
2051,ramadelcom@yahoo.com
2052,office@ramina.ro
2053,raulagrocom@yahoo.ro
2056,info@recrimco.com
2057,deseuri@recyclingprod.ro
2058,office@redatronic.ro
2059,office@instalnews.ro
2061,office@reichon.ro
2062,reiefmetal@gmail.com
2063,nelutufeier@yahoo.com
2064,office@remei.ro
2065,secretariat@remex.ro
2066,office@renania.ro
2067,office@retacom.ro
2068,office@rexogold.ro
2069,feliutza2002@yahoo.com
2071,rezervari@hotelriver.ro
2072,office@rodacia.ro
2073,info@roecologic.ro
2074,air.oltean@yahoo.com
2075,office@robertserv.ro
2077,rodisersrl@gmail.com
2078,office@piesedaciaonline.ro
2080,office@romchim.ro
2081,rometaldianis@gmail.com
2082,office@romflag.ro
2083,office@rominsta.ro
2086,office@romstalmures.ro
2087,office@romur.ro
2089,info@rovitaflora.ro
2091,royalautomobilemures@yahoo.com
2092,office@dru.ro
2094,info@royalfish.ro
2095,rsdiagnostics2020@gmail.com
2096,info@ruck.eu
2097,secretariat@rusancom.ro
2099,office@sabisor.ro
2100,scsafcomsrl@yahoo.com
2101,office@saip.ro
2102,halaszcsarda95@gmail.com
2104,office@doraoptics.ro
2105,f.sanicomtarnaveni@sanicom.ro
2106,office@sanlacta.ro
2108,saron.trf@yahoo.com
2109,ecosal.sighisoara@gmail.com
2111,office@legionguard.ro
2112,office@securitechromprod.ro
2113,carmen.boca@sefar.com
2114,office@restaurantlyra.ro
2115,contact@seivinstal.ro
2116,office@constructii-seka.ro
2117,karaba_maria@yahoo.com
2118,office@semtest-bvn.ro
2119,office@senin.ro
2121,office@sereledalin.ro
2123,servicepp_guard@yahoo.com
2124,stc@digicomm.ro
2125,sias.ind@gmail.com
2126,sales@sibapack.ro
2128,contact@pansab.ro
2129,contact@gombos-security.ro
2130,office@sirod.ro
2131,contact@armura.ro
2133,office@smartsoft.ro
2135,reghin@faer.ro
2136,office@socot.ro
2137,solomonprodcom@yahoo.com
2138,office@sonnentor.ro
2139,office@motel-sora.ro
2140,office@sunnyplast.ro
2141,sprintdiesel@yahoo.com
2142,stgiorgia@yahoo.com
2144,contact@stefiregale.ro
2145,office@stera.ro
2146,stomater@yahoo.com
2147,scstonefitsrl@gmail.com
2150,structoform@gmail.com
2151,office_subtranscon@yahoo.com
2152,tehnic@sunnyplast.ro
2153,anca@cilfood.ro
2154,lucian.rosca@hptornade.ro
2155,service@echipro.ro
2156,office@surisped.ro
2157,surubtrade@surubtrade.ro
2158,contact@svt.ro
2159,office@eurosandoor.ro
2160,office@sylevycleaning.ro
2161,sylvania@szovata.ro
2163,office@systemaglobal.ro
2165,office@szolvegy.ro
2167,office@tanksped.com
2168,contabilitate@tbsaviation.ro
2169,comercial@tectona.ro
2170,comenzi@tekarom.com
2171,office@teletec.ro
2174,office@termicasteel.ro
2175,office@tetronic.ro
2176,benzinaria.texoil@gmail.com
2177,textilamures@gmail.com
2178,textor@textor-textiles.ro
2179,george.paunoiu@textura.hu
2181,calitate@therezia.ro
2182,secretariat@threepharm.ro
2183,tiberiuglas@yahoo.com
2184,office@tibpet.ro
2185,tigermures007@yahoo.com
2186,soimita_2008@yahoo.com
2187,timko.office@yahoo.com
2188,office@timberstar-medical.ro
2189,tisza_game@yahoo.com
2190,job@progesaitalia.com
2191,tmgipsa@gmail.com
2192,office@casadevismures.ro
2193,tomekcarpet@yahoo.com
2194,topel@topelectro.ro
2195,topgaz.mures@yahoo.com
2196,office@delgreen.ro
2197,office@ambulantalcd.ro
2199,office@topmed.ro
2200,info@topmotive.eu
2201,office@kallos.ro
2202,tordai.impex@gmail.com
2203,totalfleisch@gmail.com
2205,office@expert-sport.ro
2206,tothcomel92@gmail.com
2207,sctothpeksrl@gmail.com
2209,office@shopgermania.ro
2210,contact@tracos-agregate.ro
2211,alin@razvanidicel.ro
2212,lkalapacs@yahoo.com
2213,agroovinex@gmail.com
2214,transcomhe@yahoo.com
2216,contact@trans-technik.ro
2217,office@transfabilog.ro
2218,transfor2007@yahoo.com
2219,multibettransilvania@gmail.com
2220,juridic@transportlocal.ro
2221,idacsont@gmail.com
2222,comenzi@travesia.ro
2223,shop@triplast.ro
2225,tubsystem@gmail.com
2228,ferenc.szasz@turbocam.com
2231,office.twinserv@gmail.com
2232,office@ultrajet.ro
2233,office@uniytechelectromontaj.ro
2235,sediu@uniprest.ro
2236,office@vadamis.ro
2238,electrovel@yahoo.com
2239,comenzi@flormar.ro
2240,office@smartwash.ro
2241,valpadicom@yahoo.com
2242,office@valpet.ro
2243,vaniaprodcom@yahoo.com
2244,info@electromures.eu
2245,vasspetrol@gmail.com
2246,comenzi@vbh.ro
2247,office@vectorconsult.ro
2248,contact@usiworkshop.ro
2249,office@veltol.com
2250,office@verdiconstruct.ro
2251,office@verdinvest.ro
2252,office@vertiqualsafety.com
2253,mail@vetasrl.ro
2254,motelviatgm@gmail.com
2255,juditrichard@yahoo.com
2256,g.fulop@viessmann-modell.com
2257,vim@vimspectrum.ro
2258,viomob_impex@yahoo.com
2260,vita_farm@yahoo.com
2261,officeludus@thevitagroup.com
2262,info@vital-logistic.ro
2263,office@vivamures.ro
2264,service@drwheel.ro
2265,office@vladalex-romania.ro
2267,reservation@hotel-business.ro
2268,morenisada@yahoo.com
2269,office@wpowertech.ro
2270,hrromania@webbeds.com
2271,office@weicon.com
2272,office@weldmaster.ro
2273,office@wessling.ro
2274,eva.norocel@westfleisch.ro
2275,radu.schiopu@wetralog.ro
2277,office@wshtechnology.ro
2278,secretariat.armatei@xedex.ro
2279,xeniainfosrl@yahoo.com
2281,contact@yasbeauty.ro
2282,zappaelectric@yahoo.com
2283,sales@zass.ro
2284,contact@zimag.ro
2285,crinazoltan@yahoo.com
2286,contact@zoomcadiss.ro
2287,sczsofia@yahoo.com
2337,mincoimpex@yahoo.com
2338,office@thracegreiner.ro
2339,office@transnef.ro
2421,contractarebanat.ro@e-distributie.com
2422,office@mantzaris.ro
2423,sistemplast@yahoo.ro
