,mx_tip
3pillarglobal.com,Google
abilitytrade.com,altul
abraziv.ro,M365
acet.com,Google
adamsvision.ro,Google
adianacom.ro,M365
agroprestgroup.ro,altul
alcedo.ro,altul
alewijnse.ro,M365
alinda.ro,M365
allcolors.ro,altul
almamet.com,altul
almera.ro,altul
altex.ro,M365
analkoaluminium.ro,M365
antibiotice.ro,altul
anvico.ro,altul
apavital.ro,altul
aps-ms.ro,altul
arabesque.ro,altul
arcadiahospital.ro,altul
arcelormittal.com,altul
arcom.ro,altul
arcticstream.ro,altul
arobs.ro,M365
artemobinternational.com,altul
artsoft-consult.ro,altul
atlassport.ro,altul
automarket.ro,altul
autonet.ro,M365
aviputna.ro,fara-mx
avis-trans.com,altul
axpo.com,M365
azomures.com,altul
bancatransilvania.ro,altul
barleta.ro,altul
benta.ro,altul
berlati.com,altul
bhstrans.ro,M365
bilstein.ro,altul
bioenergysuceava.ro,fara-mx
bissoft.ro,altul
bluesky.ro,altul
bmaautocenter.ro,M365
bonas.ro,Google
brainspotting.ro,M365
brewon-worcon.com,M365
brikston.ro,altul
bsginvestoil.com,Google
caparol.ro,altul
carpathian-springs.com,altul
caseasphalt.com,Google
cataloniainox.ro,M365
cddrelocation.ro,Google
centric.com,Google
centrul.ro,altul
chespa.eu,altul
chorus.com,Google
cieautomotive.com,M365
cisgaz.com,altul
clubapollo.ro,altul
comp.ro,altul
compania.ro,altul
conadi.ro,altul
conbeta.ro,altul
concept-9.ro,altul
conduent.com,altul
consulting.ro,altul
consys-international.ro,altul
cramelecotnari.ro,Google
criomec.ro,altul
darina.ro,altul
dealeritalia.eu,M365
dedeman.ro,altul
deloitte.com,altul
deloittece.com,altul
deltafarm.ro,altul
demicons.ro,altul
dmfpoliplast.ro,M365
dru.ro,Google
druckfarbengroup.com,M365
duerkopp-adler.ro,M365
edelwand.ro,M365
edituraedu.ro,Google
ekysam.ro,Google
electric.net,altul
elsaco-solutions.ro,altul
enesa.ro,M365
euroestdecorative.ro,Google
euronarcis.ro,M365
evwholding.ro,M365
expresseuroscan.ro,Google
fancourier.ro,altul
fermador.ro,altul
fitermanpharma.ro,altul
flexikom.ro,M365
fomcosolar.ro,altul
fomcotruckservice.ro,altul
fondal.ro,M365
formens.ro,altul
fundatia.ro,M365
gamemine.com,Google
gartek.com,altul
gdlgroup.eu,altul
gearefrigeration.com,M365
geomant.ro,altul
glodenienergy.ro,altul
grupsimex.ro,altul
halcyonmobile.com,Google
heisterkamp.com,M365
hercules.com,altul
hirschmann-automotive.com,altul
hogarth-ogilvy.com,altul
holcim.ro,Google
hotelpacsirta.ro,fara-mx
hotelprivo.ro,altul
htr-spedition.ro,M365
hvshielding.ro,altul
icpiaf.ro,Google
imcop.ro,altul
imedica.ro,M365
indlacto.ro,altul
inmaacro.com,altul
intercoop.ro,altul
intraserv.ro,altul
ircem.ro,M365
irum.ro,altul
isomat.ro,M365
janssen-romania.com,altul
jazz-communication.com,Google
jumbo.gr,altul
kastamonu.ro,altul
katan.ro,altul
kissunicum.ro,Google
knaufinsulation.com,altul
kovacs.ro,Google
kredianis.ro,M365
kriskon.ro,Google
lappinsulators.com,M365
larix.ro,altul
lateralgroup.com,Google
lemnconfex.ro,altul
leroymerlin.ro,altul
libertygalati.ro,altul
lindaecotil.ro,Google
liometal.ro,altul
locativmures.ro,altul
logicsystems.ro,altul
loial.ro,altul
lotuslife.ro,altul
lukoilromania.ro,altul
mambu.com,Google
marcoser.ro,M365
marelvi.ro,M365
marinaproperties.ro,Google
marmob.ro,fara-mx
materom.ro,altul
maurerimobiliare.ro,fara-mx
maviprod.ro,altul
mccann.ro,altul
mediacity.ro,altul
mediaconsulta.ro,Google
medicover.ro,altul
metalicplas.ro,Google
mindgames.ro,fara-mx
mobex.ro,Google
modulo.ro,altul
mokri.ro,Google
molromania.ro,fara-mx
mondocars.ro,altul
monosuisse.com,altul
motexco.ro,M365
motoemotion.ro,Google
mrgfatade.ro,altul
mures.com,altul
napa.ro,altul
nextlan.ro,altul
nexxon.ro,altul
nomis2003.ro,Google
nuevoconstruct.ro,fara-mx
nutriva.ro,altul
oapt.ro,fara-mx
omniasig.ro,altul
optimum.ro,altul
ordea.ro,altul
originalserv.ro,altul
oxygen.ro,altul
panemar.ro,altul
panifcom.ro,altul
panimon.ro,altul
partener.ro,altul
petrogab.ro,Google
pharma.ro,altul
pick-up.ro,Google
plasticeng.ro,altul
plazam.ro,M365
potpuriu.ro,Google
premiere.ro,altul
premiumporc.com,M365
primavera-development.ro,altul
primex.ro,altul
prisum.ro,M365
procreditbank.ro,M365
profesional.ro,altul
professionalrecycle.ro,M365
profilco-romania.ro,altul
prolift.ro,altul
prolisok.ro,M365
protech.ro,altul
publicis.ro,M365
quartzmatrix.ro,altul
ragcl.ro,altul
randstad.com,Google
rasirom.ro,altul
rcbetonbau.com,M365
rcboffice.ro,altul
reckittbenckiser.com,altul
redatronic.ro,altul
remediumfarm.ro,altul
ritmic-com.ro,altul
rocasdecor.ro,altul
rockstarconstruct.ro,altul
rodacia.ro,altul
rodeapps.com,Google
rominsta.ro,altul
romstalmures.ro,altul
rostocdeal.com,altul
rotaryconstructii.ro,Google
rustler.ro,altul
saantrucking.com,M365
sabisor.ro,altul
safeway.ro,Google
safir.ro,M365
sagem.com,altul
samarcu.ro,altul
samus-tec.ro,Google
sanlacta.ro,altul
sapromania.com,fara-mx
sarmatec.ro,altul
scando.ro,M365
sefar.com,altul
senal.ro,M365
sentient.ro,fara-mx
sephora.ro,altul
shopgermania.ro,altul
siderom.vionet.gr,M365
signanthealth.com,M365
smallfootprint.com,Google
smartdreamers.ro,Google
softech.ro,altul
somaco.ro,Google
sortilemn.ro,altul
sovata-alunis.ro,Google
stalfort.ro,M365
stefiregale.ro,altul
studiumgreen.ro,altul
superstarcom.ro,altul
sykes.com,altul
synevo.ro,altul
synotech.com,altul
syscomdigital.ro,altul
szolvegy.ro,altul
talent-store.com,Google
tectona.ro,altul
tegrostar.ro,Google
tempoadvertising.com,altul
terax.ro,Google
termohabitat.ro,Google
termoplast.com,altul
texdata.ro,M365
thermopor.ro,altul
thomsonsonlinebenefits.net,altul
timkobrut.ro,fara-mx
tiriacholdings.ro,altul
tonicagroup.ro,Google
toyota.ro,altul
tractoare-ro.ro,Google
tradeville.ro,M365
transnef.ro,altul
transylvaniaairport.ro,altul
travelcommunication.ro,Google
trenchlessworks.ro,M365
trutzi.ro,M365
trutzirealestate.ro,M365
unicreditbank.ro,altul
unitedmediaservices.com,altul
universalsolution.ro,altul
urcarn.ro,M365
utilben.ro,Google
valoria.ro,Google
valpet.ro,altul
valrotrade.ro,Google
valvis-holding.com,altul
valvis.net,altul
vapro.ro,M365
vectorconsult.ro,altul
veolia.ro,Google
verdiconstruct.ro,M365
veridio.ro,altul
verla.ro,altul
viaconsrutier.com,Google
volta.ro,M365
voslogistics.ro,altul
willemen-carpati.ro,altul
wipindustries.ro,M365
wpowertech.ro,M365
yamaha-motor.ro,M365
yonder.com,Google
zass.ro,altul
zeelandia.ro,M365
zoork.ro,altul
